date,year,mo,da,temp,dewp,slp,visib,wdsp,mxpsd,gust
2012-01-01,2012,01,01,-19.0,-24.0,1018.2,999.9,4.8,8.9,18.1
2012-01-01,2012,01,01,70.2,58.2,1012.4,999.9,9.5,14.0,999.9
2012-01-01,2012,01,01,79.0,76.4,1009.9,999.9,1.3,1.9,999.9
2012-01-01,2012,01,01,71.8,59.2,1010.4,999.9,8.4,15.0,999.9
2012-01-01,2012,01,01,35.2,33.9,1020.3,999.9,1.9,5.8,999.9
2012-01-01,2012,01,01,69.8,42.2,1009.4,999.9,5.3,8.0,999.9
2012-01-01,2012,01,01,32.6,30.4,9999.9,999.9,7.4,12.8,999.9
2012-01-01,2012,01,01,38.6,34.3,9999.9,999.9,2.2,3.9,999.9
2012-01-01,2012,01,01,37.7,9999.9,9999.9,999.9,999.9,999.9,999.9
2012-01-01,2012,01,01,19.7,9999.9,9999.9,999.9,999.9,999.9,999.9
2012-01-01,2012,01,01,7.1,4.9,1027.2,999.9,0.5,1.0,999.9
2012-01-01,2012,01,01,3.2,-0.2,1024.9,999.9,3.0,7.0,999.9
2012-01-01,2012,01,01,31.5,30.9,9999.9,999.9,7.3,9.7,999.9
2012-01-01,2012,01,01,39.4,9999.9,9999.9,999.9,999.9,999.9,999.9
2012-01-01,2012,01,01,32.9,32.3,1022.5,999.9,0.5,1.9,999.9
2012-01-01,2012,01,01,34.4,19.5,990.7,999.9,5.2,11.7,999.9
2012-01-01,2012,01,01,76.4,40.1,9999.9,999.9,8.2,14.0,999.9
2012-01-01,2012,01,01,31.8,30.2,9999.9,999.9,15.8,25.3,33.0
2012-01-01,2012,01,01,33.6,32.6,9999.9,999.9,12.4,19.4,999.9
2012-01-01,2012,01,01,64.3,61.2,1003.4,999.9,7.5,16.9,999.9
2012-01-01,2012,01,01,87.7,53.5,1006.1,999.9,9.3,16.9,999.9
2012-01-01,2012,01,01,42.5,41.3,1003.8,999.9,6.3,9.9,999.9
2012-01-01,2012,01,01,39.0,35.7,1009.6,999.9,6.0,11.1,999.9
2012-01-01,2012,01,01,34.5,27.0,1005.0,999.9,12.5,21.4,999.9
2012-01-01,2012,01,01,64.5,9999.9,1022.3,999.9,3.2,13.0,999.9
2012-01-01,2012,01,01,42.7,41.8,1017.9,999.9,4.4,7.8,999.9
2012-01-01,2012,01,01,82.9,48.6,1009.4,999.9,7.4,12.0,999.9
2012-01-01,2012,01,01,66.0,53.4,1015.3,999.9,6.9,11.1,999.9
2012-01-01,2012,01,01,38.0,37.0,996.3,999.9,4.3,9.7,999.9
2012-01-01,2012,01,01,39.9,38.1,9999.9,999.9,999.9,999.9,999.9
2012-01-01,2012,01,01,14.3,9.7,1034.2,999.9,3.2,9.9,999.9
2012-01-01,2012,01,01,7.3,2.2,1036.6,999.9,4.9,7.8,999.9
2012-01-01,2012,01,01,41.0,34.3,1026.1,999.9,12.5,22.0,999.9
2012-01-01,2012,01,01,32.3,9999.9,9999.9,999.9,999.9,999.9,999.9
2012-01-01,2012,01,01,94.9,28.6,1007.9,999.9,8.7,14.0,999.9
2012-01-01,2012,01,01,32.1,29.5,1021.1,999.9,1.5,3.9,999.9
2012-01-01,2012,01,01,30.2,28.5,1010.3,999.9,6.7,9.7,999.9
2012-01-01,2012,01,01,22.6,19.5,9999.9,999.9,13.0,16.9,28.0
2012-01-01,2012,01,01,62.1,56.7,9999.9,999.9,16.2,25.1,999.9
2012-01-01,2012,01,01,14.8,12.3,1002.1,999.9,6.6,16.9,25.8
2012-01-01,2012,01,01,41.9,40.7,1007.9,999.9,41.6,49.9,62.9
2012-01-01,2012,01,01,80.2,69.9,1014.7,999.9,7.4,9.9,999.9
2012-01-01,2012,01,01,31.8,23.2,9999.9,999.9,2.2,3.9,999.9
2012-01-01,2012,01,01,87.5,38.6,1009.3,999.9,7.6,15.0,999.9
2012-01-01,2012,01,01,35.1,34.2,1009.8,999.9,17.4,32.8,43.9
2012-01-01,2012,01,01,87.6,51.7,1010.7,999.9,8.0,11.1,999.9
2012-01-01,2012,01,01,41.8,38.9,9999.9,999.9,17.8,22.0,35.0
2012-01-01,2012,01,01,30.9,9999.9,9999.9,999.9,999.9,999.9,999.9
2012-01-01,2012,01,01,31.8,30.7,9999.9,999.9,999.9,999.9,999.9
2012-01-01,2012,01,01,35.0,30.8,9999.9,999.9,29.3,36.9,999.9
2012-01-01,2012,01,01,47.4,38.7,1020.6,999.9,15.3,19.4,23.3
2012-01-01,2012,01,01,41.3,9999.9,1006.4,999.9,16.1,27.2,999.9
2012-01-01,2012,01,01,1.1,-9.9,1032.9,999.9,3.6,8.0,29.9
2012-01-01,2012,01,01,-28.0,-34.1,1024.6,999.9,11.9,15.0,999.9
2012-01-01,2012,01,01,10.2,1.2,9999.9,999.9,6.2,18.1,31.1
2012-01-01,2012,01,01,23.4,17.2,1015.3,999.9,19.5,28.0,31.1
2012-01-01,2012,01,01,69.8,48.4,9999.9,999.9,2.2,4.1,999.9
2012-01-01,2012,01,01,77.7,72.1,1009.6,999.9,0.0,999.9,999.9
2012-01-01,2012,01,01,91.7,54.4,1005.6,999.9,5.0,13.0,999.9
2012-01-01,2012,01,01,29.8,27.5,9999.9,999.9,12.6,19.4,999.9
2012-01-01,2012,01,01,84.2,47.7,9999.9,999.9,3.4,8.0,999.9
2012-01-01,2012,01,01,40.8,34.7,9999.9,999.9,4.4,8.9,17.1
2012-01-01,2012,01,01,52.7,47.8,1011.3,999.9,20.2,26.0,999.9
2012-01-01,2012,01,01,24.2,14.8,1033.3,999.9,2.8,7.0,999.9
2012-01-01,2012,01,01,79.8,59.0,1006.5,999.9,7.3,15.9,999.9
2012-01-01,2012,01,01,45.6,9999.9,9999.9,999.9,16.8,33.0,999.9
2012-01-01,2012,01,01,37.5,9999.9,9999.9,999.9,999.9,999.9,999.9
2012-01-01,2012,01,01,20.4,9999.9,9999.9,999.9,999.9,999.9,999.9
2012-01-01,2012,01,01,29.0,28.0,998.0,999.9,2.1,5.8,999.9
2012-01-01,2012,01,01,37.0,36.4,9999.9,999.9,17.7,29.9,999.9
2012-01-01,2012,01,01,0.2,-3.7,1038.5,999.9,4.9,5.8,999.9
2012-01-01,2012,01,01,12.4,7.4,9999.9,999.9,20.6,25.1,999.9
2012-01-01,2012,01,01,13.6,3.2,1029.7,999.9,7.2,13.0,29.9
2012-01-01,2012,01,01,92.1,49.7,1006.8,999.9,7.1,8.9,999.9
2012-01-01,2012,01,01,81.0,60.7,1007.6,999.9,14.1,21.0,999.9
2012-01-01,2012,01,01,38.9,37.2,9999.9,999.9,4.1,5.8,999.9
2012-01-01,2012,01,01,77.0,59.7,1012.5,999.9,6.3,9.9,999.9
2012-01-01,2012,01,01,-4.8,-6.1,9999.9,999.9,3.6,5.8,999.9
2012-01-01,2012,01,01,80.4,60.0,9999.9,999.9,2.6,5.1,999.9
2012-01-01,2012,01,01,53.1,9999.9,9999.9,999.9,999.9,999.9,999.9
2012-01-01,2012,01,01,52.0,35.7,9999.9,999.9,15.3,22.0,27.0
2012-01-01,2012,01,01,23.2,9999.9,9999.9,999.9,999.9,999.9,999.9
2012-01-01,2012,01,01,18.1,13.2,9999.9,999.9,18.2,22.9,34.0
2012-01-01,2012,01,01,47.1,9999.9,1016.4,999.9,6.3,12.0,999.9
2012-01-01,2012,01,01,41.6,31.7,1025.6,999.9,8.6,12.8,42.0
2012-01-01,2012,01,01,67.3,49.3,1019.9,999.9,2.0,8.0,999.9
2012-01-01,2012,01,01,-22.8,9999.9,1019.7,999.9,7.2,18.1,22.0
2012-01-01,2012,01,01,11.6,-3.2,9999.9,999.9,999.9,999.9,999.9
2012-01-01,2012,01,01,61.9,55.9,1015.8,999.9,7.1,9.9,999.9
2012-01-01,2012,01,01,-15.5,-18.8,9999.9,999.9,0.0,999.9,999.9
2012-01-01,2012,01,01,13.0,1.2,9999.9,999.9,999.9,999.9,999.9
2012-01-01,2012,01,01,1.5,-10.7,1034.1,999.9,3.2,7.0,28.9
2012-01-01,2012,01,01,73.1,60.2,1013.4,999.9,6.9,15.0,999.9
2012-01-01,2012,01,01,66.8,57.1,1017.0,999.9,3.0,8.9,999.9
2012-01-01,2012,01,01,34.7,32.2,1010.6,999.9,4.9,7.8,999.9
2012-01-01,2012,01,01,32.2,17.5,9999.9,999.9,14.0,19.4,999.9
2012-01-01,2012,01,01,7.1,-0.4,9999.9,999.9,999.9,999.9,999.9
2012-01-01,2012,01,01,36.7,35.7,994.2,999.9,2.5,5.8,999.9
2012-01-01,2012,01,01,50.1,9999.9,9999.9,999.9,999.9,999.9,999.9
2012-01-01,2012,01,01,-29.1,-36.4,1019.8,999.9,3.2,8.9,999.9
2012-01-01,2012,01,01,24.3,9999.9,9999.9,999.9,999.9,999.9,999.9
2012-01-01,2012,01,01,22.5,20.4,9999.9,999.9,4.8,11.7,999.9
2012-01-01,2012,01,01,25.2,22.3,1008.4,999.9,5.3,9.7,999.9
2012-01-01,2012,01,01,74.7,67.4,9999.9,999.9,2.3,4.1,999.9
2012-01-01,2012,01,01,12.3,3.2,1027.2,999.9,9.1,15.0,34.0
2012-01-01,2012,01,01,11.6,-0.9,9999.9,999.9,9.2,16.9,22.0
2012-01-01,2012,01,01,34.5,30.6,9999.9,999.9,0.4,4.1,999.9
2012-01-01,2012,01,01,29.1,28.1,997.1,999.9,3.5,5.8,999.9
2012-01-01,2012,01,01,43.7,9999.9,1020.3,999.9,27.4,31.1,999.9
2012-01-01,2012,01,01,24.0,14.2,1002.8,999.9,20.3,29.1,999.9
2012-01-01,2012,01,01,26.9,9999.9,1005.2,999.9,4.0,11.1,999.9
2012-01-01,2012,01,01,32.4,27.7,961.0,999.9,11.5,21.0,999.9
2012-01-01,2012,01,01,18.4,10.6,1026.7,999.9,12.0,17.9,24.9
2012-01-01,2012,01,01,16.7,11.4,1025.3,999.9,18.6,23.9,36.9
2012-01-01,2012,01,01,21.8,9999.9,1009.0,999.9,12.1,27.2,999.9
2012-01-01,2012,01,01,11.6,7.9,1014.4,999.9,4.8,6.0,999.9
2012-01-01,2012,01,01,25.9,25.5,997.3,999.9,0.0,999.9,999.9
2012-01-01,2012,01,01,-2.3,-12.0,1049.6,999.9,3.6,9.7,999.9
2012-01-01,2012,01,01,35.8,29.1,9999.9,999.9,3.5,14.0,19.0
2012-01-01,2012,01,01,27.9,9999.9,9999.9,999.9,999.9,999.9,999.9
2012-01-01,2012,01,01,22.3,19.6,9999.9,999.9,5.1,7.8,999.9
2012-01-01,2012,01,01,-6.0,-10.7,1024.5,999.9,1.3,2.9,999.9
2012-01-01,2012,01,01,73.4,59.3,1022.7,999.9,4.9,6.0,999.9
2012-01-01,2012,01,01,-22.9,9999.9,9999.9,999.9,999.9,999.9,999.9
2012-01-01,2012,01,01,53.2,9999.9,9999.9,999.9,999.9,999.9,999.9
2012-01-01,2012,01,01,33.2,31.3,1020.5,999.9,2.3,3.9,999.9
2012-01-01,2012,01,01,33.6,26.8,1009.3,999.9,13.3,27.2,999.9
2012-01-01,2012,01,01,33.6,31.9,9999.9,999.9,8.9,17.5,999.9
2012-01-01,2012,01,01,33.7,21.5,9999.9,999.9,7.1,9.7,999.9
2012-01-01,2012,01,01,42.4,40.9,998.6,999.9,22.9,33.0,999.9
2012-01-01,2012,01,01,72.5,58.0,1016.3,999.9,4.0,8.0,999.9
2012-01-01,2012,01,01,61.2,9999.9,1021.4,999.9,4.6,13.0,999.9
2012-01-01,2012,01,01,47.2,9999.9,1016.6,999.9,999.9,999.9,999.9
2012-01-01,2012,01,01,82.6,57.3,1009.0,999.9,8.0,12.0,999.9
2012-01-01,2012,01,01,40.8,40.0,1004.3,999.9,21.9,32.8,39.8
2012-01-01,2012,01,01,8.2,-0.9,9999.9,999.9,5.1,12.0,28.9
2012-01-01,2012,01,01,17.3,13.0,9999.9,999.9,999.9,999.9,999.9
2012-01-01,2012,01,01,67.7,61.9,1014.1,999.9,6.6,8.9,999.9
2012-01-01,2012,01,01,31.7,27.0,9999.9,999.9,999.9,999.9,999.9
2012-01-01,2012,01,01,88.5,55.7,1008.9,999.9,8.6,12.0,999.9
2012-01-01,2012,01,01,15.1,6.9,1027.8,999.9,15.1,22.9,36.9
2012-01-01,2012,01,01,9.3,1.4,9999.9,999.9,6.4,11.8,24.1
2012-01-01,2012,01,01,-2.8,-9.5,1015.9,999.9,999.9,999.9,999.9
2012-01-01,2012,01,01,12.2,6.7,9999.9,999.9,3.9,9.9,999.9
2012-01-01,2012,01,01,31.3,28.0,992.5,999.9,7.3,13.6,999.9
2012-01-01,2012,01,01,64.0,9999.9,9999.9,999.9,8.9,15.0,999.9
2012-01-01,2012,01,01,39.0,9999.9,1024.2,999.9,2.0,4.1,999.9
2012-01-01,2012,01,01,83.9,76.1,1008.5,999.9,8.4,12.0,999.9
2012-01-01,2012,01,01,11.5,6.7,1021.7,999.9,4.7,8.0,999.9
2012-01-01,2012,01,01,8.4,9999.9,9999.9,999.9,999.9,999.9,999.9
2012-01-01,2012,01,01,49.1,46.4,1004.1,999.9,21.5,28.0,999.9
2012-01-01,2012,01,01,31.1,30.0,9999.9,999.9,5.0,7.8,999.9
2012-01-01,2012,01,01,84.8,77.2,1008.3,999.9,2.2,4.1,999.9
2012-01-01,2012,01,01,83.8,70.3,1007.3,999.9,3.2,15.0,999.9
2012-01-01,2012,01,01,78.8,64.9,1012.3,999.9,19.1,22.9,999.9
2012-01-01,2012,01,01,78.1,49.0,1014.2,999.9,4.2,9.9,999.9
2012-01-01,2012,01,01,77.5,53.2,1013.7,999.9,5.8,12.0,999.9
2012-01-01,2012,01,01,69.2,60.7,9999.9,999.9,3.9,7.0,999.9
2012-01-01,2012,01,01,30.1,26.5,9999.9,999.9,3.6,7.8,999.9
2012-01-01,2012,01,01,48.7,43.3,1019.2,999.9,6.7,11.1,24.1
2012-01-01,2012,01,01,20.8,9999.9,9999.9,999.9,999.9,999.9,999.9
2012-01-01,2012,01,01,34.4,26.3,1023.1,999.9,1.3,2.9,5.1
2012-01-01,2012,01,01,10.6,5.4,1036.9,999.9,0.7,4.1,999.9
2012-01-01,2012,01,01,20.7,20.0,9999.9,999.9,999.9,999.9,999.9
2012-01-01,2012,01,01,56.6,54.1,9999.9,999.9,4.3,9.9,999.9
2012-01-01,2012,01,01,27.3,1.9,1036.4,999.9,2.3,5.1,999.9
2012-01-01,2012,01,01,71.6,61.2,9999.9,999.9,4.3,5.1,999.9
2012-01-01,2012,01,01,35.2,32.3,998.3,999.9,34.2,40.8,999.9
2012-01-01,2012,01,01,9.0,9999.9,1013.4,999.9,8.2,14.0,28.9
2012-01-01,2012,01,01,36.1,35.4,1006.6,999.9,3.9,8.0,16.9
2012-01-01,2012,01,01,47.1,43.8,1006.0,999.9,16.2,28.9,999.9
2012-01-01,2012,01,01,-4.5,-8.6,1018.9,999.9,5.1,14.0,999.9
2012-01-01,2012,01,01,41.8,9999.9,1009.7,999.9,8.4,21.0,999.9
2012-01-01,2012,01,01,41.3,9999.9,1010.3,999.9,12.6,35.0,999.9
2012-01-01,2012,01,01,34.5,33.0,1020.2,999.9,1.5,3.9,999.9
2012-01-01,2012,01,01,96.5,36.7,1008.0,999.9,11.1,15.0,999.9
2012-01-01,2012,01,01,29.8,29.1,1014.0,999.9,1.5,3.9,999.9
2012-01-01,2012,01,01,84.4,60.0,1007.1,999.9,10.0,19.0,999.9
2012-01-01,2012,01,01,83.8,48.1,1013.5,999.9,4.4,8.0,999.9
2012-01-01,2012,01,01,86.2,75.1,1007.7,999.9,4.5,8.9,999.9
2012-01-01,2012,01,01,82.6,27.5,9999.9,999.9,5.5,7.0,999.9
2012-01-01,2012,01,01,67.8,33.0,9999.9,999.9,7.2,9.9,999.9
2012-01-01,2012,01,01,41.7,28.0,9999.9,999.9,3.7,8.0,24.1
2012-01-01,2012,01,01,40.5,39.7,1007.2,999.9,10.1,13.0,999.9
2012-01-01,2012,01,01,20.9,19.4,9999.9,999.9,999.9,999.9,999.9
2012-01-01,2012,01,01,35.5,33.6,1019.1,999.9,2.9,3.9,999.9
2012-01-01,2012,01,01,87.1,44.1,1012.5,999.9,8.6,12.0,999.9
2012-01-01,2012,01,01,31.8,29.2,1010.3,999.9,8.0,12.0,20.0
2012-01-01,2012,01,01,89.6,34.8,1009.5,999.9,9.6,16.9,999.9
2012-01-01,2012,01,01,-5.3,-8.5,9999.9,999.9,0.5,1.0,999.9
2012-01-01,2012,01,01,74.8,59.8,1014.0,999.9,13.0,20.0,999.9
2012-01-01,2012,01,01,82.8,66.6,1006.5,999.9,14.0,15.9,999.9
2012-01-01,2012,01,01,68.7,58.3,1016.8,999.9,5.6,13.0,999.9
2012-01-01,2012,01,01,89.1,41.2,1009.4,999.9,6.1,11.1,999.9
2012-01-01,2012,01,01,63.0,44.6,9999.9,999.9,9.4,18.1,999.9
2012-01-01,2012,01,01,70.6,62.0,9999.9,999.9,4.2,8.0,28.9
2012-01-01,2012,01,01,66.4,58.5,9999.9,999.9,11.2,15.0,999.9
2012-01-01,2012,01,01,58.0,51.6,1029.3,999.9,8.0,9.7,15.5
2012-01-01,2012,01,01,-12.6,-18.4,1032.1,999.9,0.7,1.9,999.9
2012-01-01,2012,01,01,80.3,60.8,9999.9,999.9,4.1,8.9,999.9
2012-01-01,2012,01,01,46.0,43.8,994.2,999.9,14.2,19.4,999.9
2012-01-01,2012,01,01,35.6,34.2,988.5,999.9,3.2,5.8,999.9
2012-01-01,2012,01,01,86.9,53.7,1005.2,999.9,8.7,13.0,999.9
2012-01-01,2012,01,01,66.1,61.0,1012.7,999.9,13.7,19.0,999.9
2012-01-01,2012,01,01,41.2,40.5,9999.9,999.9,21.9,33.0,999.9
2012-01-01,2012,01,01,10.4,8.1,1040.4,999.9,2.9,3.9,999.9
2012-01-01,2012,01,01,30.6,24.2,1006.1,999.9,4.8,8.9,22.0
2012-01-01,2012,01,01,26.5,24.2,9999.9,999.9,3.2,5.8,999.9
2012-01-01,2012,01,01,75.5,58.2,1014.1,999.9,11.0,18.1,999.9
2012-01-01,2012,01,01,46.1,9999.9,9999.9,999.9,999.9,999.9,999.9
2012-01-01,2012,01,01,-7.5,-12.9,9999.9,999.9,13.2,21.0,31.1
2012-01-01,2012,01,01,28.9,27.4,1021.6,999.9,7.4,13.6,999.9
2012-01-01,2012,01,01,57.0,9999.9,9999.9,999.9,999.9,999.9,999.9
2012-01-01,2012,01,01,43.8,39.4,9999.9,999.9,3.0,5.1,999.9
2012-01-01,2012,01,01,36.9,9999.9,9999.9,999.9,999.9,999.9,999.9
2012-01-01,2012,01,01,62.8,56.0,9999.9,999.9,12.0,22.0,999.9
2012-01-01,2012,01,01,42.6,31.4,9999.9,999.9,13.1,17.9,18.8
2012-01-01,2012,01,01,34.0,32.8,9999.9,999.9,11.8,21.0,30.9
2012-01-01,2012,01,01,32.2,29.9,1002.8,999.9,3.7,8.9,22.9
2012-01-01,2012,01,01,40.1,35.7,9999.9,999.9,999.9,999.9,999.9
2012-01-01,2012,01,01,20.9,5.3,9999.9,999.9,17.2,26.0,35.0
2012-01-01,2012,01,01,81.1,73.2,1010.4,999.9,3.7,4.1,999.9
2012-01-01,2012,01,01,65.7,9999.9,9999.9,999.9,3.5,6.0,999.9
2012-01-01,2012,01,01,44.2,36.8,1022.9,999.9,22.3,27.2,999.9
2012-01-01,2012,01,01,51.9,9999.9,1019.2,999.9,4.1,9.7,999.9
2012-01-01,2012,01,01,29.1,25.8,1011.6,999.9,4.4,5.8,999.9
2012-01-01,2012,01,01,46.5,9999.9,1016.7,999.9,4.3,8.9,999.9
2012-01-01,2012,01,01,21.0,19.8,9999.9,999.9,999.9,999.9,999.9
2012-01-01,2012,01,01,46.7,9999.9,1020.6,999.9,11.2,15.0,999.9
2012-01-01,2012,01,01,24.9,9999.9,1007.2,999.9,7.2,19.0,999.9
2012-01-01,2012,01,01,62.8,9999.9,1023.8,999.9,9.0,13.6,999.9
2012-01-01,2012,01,01,-5.6,-11.1,1019.2,999.9,7.1,9.9,999.9
2012-01-01,2012,01,01,-31.7,9999.9,9999.9,999.9,999.9,999.9,999.9
2012-01-01,2012,01,01,42.3,40.5,1005.7,999.9,11.0,15.9,21.0
2012-01-01,2012,01,01,15.0,11.2,1015.7,999.9,999.9,999.9,999.9
2012-01-01,2012,01,01,79.8,62.2,9999.9,999.9,3.3,8.0,999.9
2012-01-01,2012,01,01,22.9,12.2,1025.6,999.9,3.2,7.0,999.9
2012-01-01,2012,01,01,72.6,59.2,1015.8,999.9,11.4,15.0,999.9
2012-01-01,2012,01,01,67.1,65.2,1014.8,999.9,5.5,9.9,999.9
2012-01-01,2012,01,01,77.1,35.6,9999.9,999.9,4.0,5.1,999.9
2012-01-01,2012,01,01,17.9,12.3,1024.6,999.9,15.0,21.0,28.0
2012-01-01,2012,01,01,8.6,-0.1,972.8,999.9,5.8,8.9,999.9
2012-01-01,2012,01,01,37.3,36.9,1019.4,999.9,0.7,1.9,999.9
2012-01-01,2012,01,01,2.3,9999.9,9999.9,999.9,7.3,15.0,999.9
2012-01-01,2012,01,01,39.7,37.4,1021.7,999.9,3.4,5.8,999.9
2012-01-01,2012,01,01,29.2,26.2,1011.1,999.9,8.0,21.4,999.9
2012-01-01,2012,01,01,36.3,29.2,991.5,999.9,21.4,29.1,999.9
2012-01-01,2012,01,01,40.3,31.2,1016.3,999.9,3.2,7.0,999.9
2012-01-01,2012,01,01,0.4,-5.7,1012.4,999.9,1.0,4.1,999.9
2012-01-01,2012,01,01,12.0,1.2,9999.9,999.9,10.5,16.9,29.9
2012-01-01,2012,01,01,33.5,33.2,9999.9,999.9,5.5,9.9,11.1
2012-01-01,2012,01,01,26.6,25.3,9999.9,999.9,6.4,9.9,16.9
2012-01-01,2012,01,01,71.2,58.1,1016.4,999.9,2.2,8.9,999.9
2012-01-01,2012,01,01,22.2,9999.9,9999.9,999.9,999.9,999.9,999.9
2012-01-01,2012,01,01,61.6,60.5,1023.8,999.9,4.5,8.9,999.9
2012-01-01,2012,01,01,24.8,9999.9,9999.9,999.9,999.9,999.9,999.9
2012-01-01,2012,01,01,54.0,53.0,1008.0,999.9,10.6,17.5,31.1
2012-01-01,2012,01,01,66.7,50.1,1021.7,999.9,11.5,21.4,25.3
2012-01-01,2012,01,01,85.8,45.3,1011.5,999.9,8.4,12.0,999.9
2012-01-01,2012,01,01,74.3,71.3,1019.6,999.9,6.2,18.1,999.9
2012-01-01,2012,01,01,80.3,60.7,1011.7,999.9,4.2,6.0,999.9
2012-01-01,2012,01,01,88.6,37.6,1008.6,999.9,8.6,15.0,999.9
2012-01-01,2012,01,01,81.4,46.9,1009.1,999.9,10.3,19.0,999.9
2012-01-01,2012,01,01,74.1,50.8,9999.9,999.9,6.9,8.9,999.9
2012-01-01,2012,01,01,48.4,47.8,1019.6,999.9,2.5,7.0,11.1
2012-01-01,2012,01,01,45.3,43.2,9999.9,999.9,999.9,999.9,999.9
2012-01-01,2012,01,01,43.8,35.4,9999.9,999.9,999.9,999.9,999.9
2012-01-01,2012,01,01,22.3,20.5,9999.9,999.9,999.9,999.9,999.9
2012-01-01,2012,01,01,46.5,9999.9,9999.9,999.9,999.9,999.9,999.9
2012-01-01,2012,01,01,32.8,30.9,9999.9,999.9,2.0,8.9,999.9
2012-01-01,2012,01,01,14.2,8.1,1036.0,999.9,1.4,4.9,22.0
2012-01-01,2012,01,01,67.1,54.6,1015.3,999.9,5.3,13.0,999.9
2012-01-01,2012,01,01,17.5,12.7,964.2,999.9,9.8,16.9,999.9
2012-01-01,2012,01,01,76.2,64.7,9999.9,999.9,3.3,8.0,999.9
2012-01-01,2012,01,01,69.7,51.0,9999.9,999.9,2.7,5.1,999.9
2012-01-01,2012,01,01,66.2,59.9,1012.2,999.9,10.4,15.0,999.9
2012-01-01,2012,01,01,83.0,49.6,1010.9,999.9,10.0,22.0,999.9
2012-01-01,2012,01,01,27.7,26.0,1007.9,999.9,13.8,25.3,999.9
2012-01-01,2012,01,01,50.8,9999.9,9999.9,999.9,999.9,999.9,999.9
2012-01-01,2012,01,01,39.8,36.0,1014.8,999.9,10.7,16.9,26.0
2012-01-01,2012,01,01,14.1,0.7,9999.9,999.9,999.9,999.9,999.9
2012-01-01,2012,01,01,71.4,57.6,1016.7,999.9,4.8,11.1,999.9
2012-01-01,2012,01,01,25.2,20.6,9999.9,999.9,1.0,1.9,999.9
2012-01-01,2012,01,01,69.6,56.4,9999.9,999.9,7.7,15.9,999.9
2012-01-01,2012,01,01,33.0,31.9,995.7,999.9,3.3,5.8,999.9
2012-01-01,2012,01,01,30.6,27.4,1011.2,999.9,6.2,10.9,16.9
2012-01-01,2012,01,01,65.7,9999.9,9999.9,999.9,999.9,999.9,999.9
2012-01-01,2012,01,01,76.0,60.2,1006.1,999.9,17.2,23.9,999.9
2012-01-01,2012,01,01,42.5,42.5,9999.9,999.9,17.1,20.0,35.9
2012-01-01,2012,01,01,70.6,56.5,9999.9,999.9,5.5,8.0,999.9
2012-01-01,2012,01,01,26.1,25.4,1012.5,999.9,2.8,5.8,999.9
2012-01-01,2012,01,01,74.5,58.8,1016.4,999.9,14.0,20.0,999.9
2012-01-01,2012,01,01,11.3,-1.8,9999.9,999.9,999.9,999.9,999.9
2012-01-01,2012,01,01,41.4,38.1,1014.1,999.9,10.8,25.1,999.9
2012-01-01,2012,01,01,-4.5,-6.1,1034.0,999.9,3.2,5.8,999.9
2012-01-01,2012,01,01,20.0,9999.9,9999.9,999.9,999.9,999.9,999.9
2012-01-01,2012,01,01,30.8,22.3,1008.6,999.9,16.6,27.2,999.9
2012-01-01,2012,01,01,87.6,75.4,1007.5,999.9,7.5,9.9,999.9
2012-01-01,2012,01,01,32.6,9999.9,1002.0,999.9,11.3,15.0,999.9
2012-01-01,2012,01,01,16.3,9.4,9999.9,999.9,5.7,11.1,24.1
2012-01-01,2012,01,01,52.9,15.9,9999.9,999.9,4.5,9.9,999.9
2012-01-01,2012,01,01,18.2,10.5,1027.1,999.9,17.5,23.9,38.1
2012-01-01,2012,01,01,15.6,8.3,1028.8,999.9,13.4,15.5,999.9
2012-01-01,2012,01,01,3.0,0.3,1040.1,999.9,0.0,999.9,999.9
2012-01-01,2012,01,01,-7.9,-13.0,1006.4,999.9,0.5,1.9,999.9
2012-01-01,2012,01,01,81.1,9999.9,1009.6,999.9,21.0,23.9,999.9
2012-01-01,2012,01,01,67.9,47.0,1015.3,999.9,4.8,8.9,999.9
2012-01-01,2012,01,01,24.6,9999.9,9999.9,999.9,9.6,999.9,999.9
2012-01-01,2012,01,01,37.7,34.6,9999.9,999.9,2.2,5.1,8.9
2012-01-01,2012,01,01,32.5,9999.9,9999.9,999.9,999.9,999.9,999.9
2012-01-01,2012,01,01,59.6,9999.9,9999.9,999.9,999.9,999.9,999.9
2012-01-01,2012,01,01,33.0,30.2,1023.0,999.9,1.7,1.9,999.9
2012-01-01,2012,01,01,12.7,1.8,9999.9,999.9,999.9,999.9,999.9
2012-01-01,2012,01,01,13.4,2.8,9999.9,999.9,999.9,999.9,999.9
2012-01-01,2012,01,01,90.2,53.5,1007.4,999.9,8.7,14.0,999.9
2012-01-01,2012,01,01,12.2,1.0,9999.9,999.9,13.0,23.9,43.9
2012-01-01,2012,01,01,86.8,80.2,1008.2,999.9,6.6,8.0,999.9
2012-01-01,2012,01,01,84.5,72.6,1011.3,999.9,7.3,8.9,13.0
2012-01-01,2012,01,01,14.3,-1.3,9999.9,999.9,999.9,999.9,999.9
2012-01-01,2012,01,01,63.8,52.7,9999.9,999.9,7.0,11.1,999.9
2012-01-01,2012,01,01,63.0,55.3,1015.3,999.9,6.5,8.0,999.9
2012-01-01,2012,01,01,70.2,62.2,1014.1,999.9,1.8,5.1,999.9
2012-01-01,2012,01,01,13.8,7.4,1035.2,999.9,10.0,17.5,999.9
2012-01-01,2012,01,01,12.3,5.1,1033.7,999.9,8.5,16.9,29.9
2012-01-01,2012,01,01,44.8,42.3,989.2,999.9,17.5,27.2,999.9
2012-01-01,2012,01,01,21.5,9999.9,9999.9,999.9,999.9,999.9,999.9
2012-01-01,2012,01,01,27.2,23.6,1006.7,999.9,9.9,17.5,999.9
2012-01-01,2012,01,01,84.1,9999.9,1006.9,999.9,4.6,13.0,999.9
2012-01-01,2012,01,01,40.3,38.7,9999.9,999.9,15.4,21.4,999.9
2012-01-01,2012,01,01,23.3,9999.9,9999.9,999.9,999.9,999.9,999.9
2012-01-01,2012,01,01,16.0,13.6,9999.9,999.9,4.6,11.8,21.0
2012-01-01,2012,01,01,23.3,22.2,9999.9,999.9,4.5,7.8,999.9
2012-01-01,2012,01,01,-11.2,-19.3,9999.9,999.9,3.1,7.0,17.1
2012-01-01,2012,01,01,16.0,8.2,1026.5,999.9,17.5,26.8,38.1
2012-01-01,2012,01,01,29.4,27.6,1022.6,999.9,2.6,5.8,999.9
2012-01-01,2012,01,01,35.5,28.1,1020.8,999.9,2.3,3.9,999.9
2012-01-01,2012,01,01,29.8,9999.9,988.9,999.9,5.8,7.0,999.9
2012-01-01,2012,01,01,12.2,-5.6,1030.4,999.9,5.5,8.9,26.0
2012-01-01,2012,01,01,46.6,9999.9,1007.0,999.9,13.5,25.3,999.9
2012-01-01,2012,01,01,62.6,49.9,1013.9,999.9,8.6,11.1,999.9
2012-01-01,2012,01,01,42.0,9999.9,9999.9,999.9,999.9,999.9,999.9
2012-01-01,2012,01,01,42.4,9999.9,9999.9,999.9,999.9,999.9,999.9
2012-01-01,2012,01,01,65.5,60.7,9999.9,999.9,8.6,13.0,999.9
2012-01-01,2012,01,01,82.8,42.1,1013.0,999.9,7.0,8.9,999.9
2012-01-01,2012,01,01,42.8,35.8,1012.6,999.9,46.4,64.9,67.0
2012-01-01,2012,01,01,59.6,9999.9,9999.9,999.9,999.9,999.9,999.9
2012-01-01,2012,01,01,68.3,9999.9,1023.4,999.9,4.6,8.0,9.9
2012-01-01,2012,01,01,50.5,9999.9,1019.1,999.9,11.8,21.4,25.3
2012-01-01,2012,01,01,67.9,9999.9,1022.8,999.9,3.2,6.0,999.9
2012-01-01,2012,01,01,77.6,72.3,1018.3,999.9,4.7,9.7,999.9
2012-01-01,2012,01,01,79.6,75.2,1018.6,999.9,17.2,19.4,999.9
2012-01-01,2012,01,01,30.7,9999.9,9999.9,999.9,3.0,5.8,999.9
2012-01-01,2012,01,01,37.2,9999.9,1007.3,999.9,16.8,26.0,999.9
2012-01-01,2012,01,01,16.1,13.4,1011.8,999.9,16.2,22.0,29.9
2012-01-01,2012,01,01,64.8,9999.9,1021.1,999.9,5.3,11.1,999.9
2012-01-01,2012,01,01,45.4,9999.9,9999.9,999.9,999.9,999.9,999.9
2012-01-01,2012,01,01,75.5,53.8,1014.1,999.9,4.6,7.0,999.9
2012-01-01,2012,01,01,88.5,43.6,1006.1,999.9,11.1,15.9,999.9
2012-01-01,2012,01,01,38.2,36.3,1006.2,999.9,9.1,17.9,29.9
2012-01-01,2012,01,01,37.8,30.6,1026.1,999.9,5.5,8.0,999.9
2012-01-01,2012,01,01,86.2,73.1,1007.5,999.9,2.5,5.1,999.9
2012-01-01,2012,01,01,15.9,12.8,1012.4,999.9,27.0,35.0,38.1
2012-01-01,2012,01,01,87.8,47.4,1006.3,999.9,14.1,22.9,999.9
2012-01-01,2012,01,01,69.6,50.0,1015.1,999.9,4.6,13.0,999.9
2012-01-01,2012,01,01,37.7,35.2,1019.1,999.9,2.7,3.9,999.9
2012-01-01,2012,01,01,30.2,28.6,9999.9,999.9,6.3,7.8,999.9
2012-01-01,2012,01,01,26.5,22.7,994.7,999.9,7.5,11.7,999.9
2012-01-01,2012,01,01,19.2,3.5,972.6,999.9,22.5,37.9,999.9
2012-01-01,2012,01,01,31.5,29.6,9999.9,999.9,0.2,1.9,999.9
2012-01-01,2012,01,01,47.3,44.3,998.1,999.9,10.0,14.0,999.9
2012-01-01,2012,01,01,22.6,21.4,1005.2,999.9,7.2,8.9,999.9
2012-01-01,2012,01,01,31.9,30.3,1023.3,999.9,0.9,1.9,4.1
2012-01-01,2012,01,01,42.7,41.2,1021.9,999.9,2.4,8.0,9.9
2012-01-01,2012,01,01,28.0,25.4,9999.9,999.9,13.0,25.3,999.9
2012-01-01,2012,01,01,9.9,-0.7,9999.9,999.9,6.0,10.9,17.9
2012-01-01,2012,01,01,33.5,28.0,1022.0,999.9,3.2,5.8,999.9
2012-01-01,2012,01,01,23.3,21.4,1020.7,999.9,4.5,7.8,999.9
2012-01-01,2012,01,01,35.9,32.0,988.3,999.9,2.9,5.8,999.9
2012-01-01,2012,01,01,69.2,51.9,9999.9,999.9,3.7,7.0,999.9
2012-01-01,2012,01,01,36.9,35.8,1020.5,999.9,1.5,3.9,999.9
2012-01-01,2012,01,01,3.2,-2.6,9999.9,999.9,999.9,999.9,999.9
2012-01-01,2012,01,01,29.2,9999.9,9999.9,999.9,999.9,999.9,999.9
2012-01-01,2012,01,01,12.2,-1.0,9999.9,999.9,999.9,999.9,999.9
2012-01-01,2012,01,01,83.0,74.4,1008.0,999.9,3.3,6.0,999.9
2012-01-01,2012,01,01,83.7,9999.9,9999.9,999.9,3.0,8.0,999.9
2012-01-01,2012,01,01,69.2,59.2,9999.9,999.9,4.9,6.0,999.9
2012-01-01,2012,01,01,98.2,38.8,1006.2,999.9,12.1,18.1,999.9
2012-01-01,2012,01,01,9.4,5.3,1028.6,999.9,4.3,11.1,15.9
2012-01-01,2012,01,01,62.5,41.4,9999.9,999.9,11.5,26.0,999.9
2012-01-01,2012,01,01,75.8,43.9,9999.9,999.9,14.3,22.9,999.9
2012-01-01,2012,01,01,65.6,61.2,1014.6,999.9,20.1,29.9,999.9
2012-01-01,2012,01,01,71.9,55.5,1014.8,999.9,2.9,7.0,999.9
2012-01-01,2012,01,01,92.7,72.8,1006.5,999.9,8.1,15.9,999.9
2012-01-01,2012,01,01,66.7,57.2,1015.8,999.9,6.9,11.1,999.9
2012-01-01,2012,01,01,75.8,50.1,1013.8,999.9,5.6,12.0,999.9
2012-01-01,2012,01,01,12.9,1.4,1032.8,999.9,10.0,11.1,999.9
2012-01-01,2012,01,01,80.5,48.4,1009.2,999.9,8.9,22.0,999.9
2012-01-01,2012,01,01,78.0,61.5,1012.0,999.9,8.0,13.0,999.9
2012-01-01,2012,01,01,26.9,22.4,9999.9,999.9,2.8,5.8,999.9
2012-01-01,2012,01,01,69.7,53.1,9999.9,999.9,4.8,7.0,999.9
2012-01-01,2012,01,01,55.0,46.6,9999.9,999.9,5.7,7.8,999.9
2012-01-01,2012,01,01,20.3,19.0,9999.9,999.9,7.2,17.5,999.9
2012-01-01,2012,01,01,87.4,73.6,1007.4,999.9,3.8,7.0,999.9
2012-01-01,2012,01,01,29.3,28.9,1010.8,999.9,5.3,11.7,999.9
2012-01-01,2012,01,01,59.8,9999.9,1023.2,999.9,2.8,7.0,8.9
2012-01-01,2012,01,01,29.6,27.1,9999.9,999.9,4.1,7.8,999.9
2012-01-01,2012,01,01,68.3,56.5,1015.5,999.9,7.7,15.9,999.9
2012-01-01,2012,01,01,29.3,19.3,1001.0,999.9,31.4,40.8,49.9
2012-01-01,2012,01,01,11.6,1.9,9999.9,999.9,6.6,16.9,29.9
2012-01-01,2012,01,01,19.8,12.9,1026.6,999.9,18.3,22.0,41.0
2012-01-01,2012,01,01,22.2,20.4,996.2,999.9,0.0,999.9,999.9
2012-01-01,2012,01,01,75.9,60.8,1008.1,999.9,5.6,8.9,999.9
2012-01-01,2012,01,01,85.9,73.4,1008.4,999.9,6.8,11.1,999.9
2012-01-01,2012,01,01,51.5,9999.9,9999.9,999.9,999.9,999.9,999.9
2012-01-01,2012,01,01,69.2,62.3,1014.7,999.9,6.0,9.9,999.9
2012-01-01,2012,01,01,94.1,49.9,1005.0,999.9,6.2,8.9,999.9
2012-01-01,2012,01,01,35.3,9999.9,9999.9,999.9,999.9,999.9,999.9
2012-01-01,2012,01,01,21.2,16.1,9999.9,999.9,11.1,16.9,22.9
2012-01-01,2012,01,01,31.8,9999.9,9999.9,999.9,999.9,999.9,999.9
2012-01-01,2012,01,01,92.7,44.8,1008.6,999.9,9.3,14.0,999.9
2012-01-01,2012,01,01,43.6,35.7,9999.9,999.9,53.6,58.9,70.9
2012-01-01,2012,01,01,47.2,9999.9,9999.9,999.9,999.9,999.9,999.9
2012-01-01,2012,01,01,-5.4,9999.9,9999.9,999.9,999.9,999.9,999.9
2012-01-01,2012,01,01,16.4,13.2,9999.9,999.9,999.9,999.9,999.9
2012-01-01,2012,01,01,28.1,26.7,1014.9,999.9,4.1,8.9,17.9
2012-01-01,2012,01,01,55.5,48.7,1029.6,999.9,4.0,7.8,15.5
2012-01-01,2012,01,01,70.6,53.8,9999.9,999.9,7.9,15.0,999.9
2012-01-01,2012,01,01,45.6,37.2,1002.9,999.9,15.8,19.0,999.9
2012-01-01,2012,01,01,60.4,9999.9,1022.4,999.9,5.6,8.9,999.9
2012-01-01,2012,01,01,27.6,23.1,1004.5,999.9,9.3,21.0,29.9
2012-01-01,2012,01,01,1.0,-10.1,1014.9,999.9,3.2,8.0,34.0
2012-01-01,2012,01,01,13.0,7.3,9999.9,999.9,5.2,8.9,15.0
2012-01-01,2012,01,01,63.0,60.7,9999.9,999.9,1.1,4.1,999.9
2012-01-01,2012,01,01,35.5,9999.9,9999.9,999.9,999.9,999.9,999.9
2012-01-01,2012,01,01,40.1,33.0,9999.9,999.9,15.1,42.0,50.9
2012-01-01,2012,01,01,29.2,26.2,1013.2,999.9,13.0,20.0,999.9
2012-01-01,2012,01,01,25.5,24.3,9999.9,999.9,5.5,8.9,999.9
2012-01-01,2012,01,01,35.0,32.7,1013.3,999.9,999.9,999.9,999.9
2012-01-01,2012,01,01,38.0,9999.9,1006.6,999.9,19.5,35.9,999.9
2012-01-01,2012,01,01,10.0,-0.2,9999.9,999.9,4.7,9.9,999.9
2012-01-01,2012,01,01,57.3,9999.9,1019.3,999.9,3.7,14.0,999.9
2012-01-01,2012,01,01,68.3,9999.9,1022.8,999.9,9.7,13.6,999.9
2012-01-01,2012,01,01,32.2,9999.9,9999.9,999.9,999.9,999.9,999.9
2012-01-01,2012,01,01,57.8,56.1,1003.7,999.9,12.0,21.0,999.9
2012-01-01,2012,01,01,32.1,30.2,997.4,999.9,5.7,11.7,999.9
2012-01-01,2012,01,01,41.1,9999.9,9999.9,999.9,999.9,999.9,999.9
2012-01-01,2012,01,01,74.9,9999.9,1015.7,999.9,13.4,15.5,19.4
2012-01-01,2012,01,01,41.9,38.8,9999.9,999.9,10.9,21.0,24.9
2012-01-01,2012,01,01,26.7,25.6,1031.2,999.9,999.9,999.9,999.9
2012-01-01,2012,01,01,37.0,9999.9,9999.9,999.9,999.9,999.9,999.9
2012-01-01,2012,01,01,33.8,32.1,994.3,999.9,4.0,9.7,999.9
2012-01-01,2012,01,01,50.5,9999.9,1019.5,999.9,3.4,9.9,999.9
2012-01-01,2012,01,01,33.2,9999.9,1008.2,999.9,8.0,20.0,999.9
2012-01-01,2012,01,01,40.5,39.8,9999.9,999.9,3.1,5.1,8.0
2012-01-01,2012,01,01,66.8,9999.9,1024.1,999.9,2.7,7.0,999.9
2012-01-01,2012,01,01,10.2,2.0,9999.9,999.9,999.9,999.9,999.9
2012-01-01,2012,01,01,10.5,-4.4,9999.9,999.9,4.5,6.0,27.0
2012-01-01,2012,01,01,39.3,36.1,999.2,999.9,999.9,999.9,999.9
2012-01-01,2012,01,01,49.0,9999.9,1016.2,999.9,999.9,999.9,999.9
2012-01-01,2012,01,01,12.3,10.6,9999.9,999.9,999.9,999.9,999.9
2012-01-01,2012,01,01,29.2,9999.9,1009.7,999.9,999.9,999.9,999.9
2012-01-01,2012,01,01,34.5,30.6,9999.9,999.9,999.9,999.9,999.9
2012-01-01,2012,01,01,16.8,10.4,1037.5,999.9,6.0,9.9,999.9
2012-01-01,2012,01,01,77.3,71.3,1020.2,999.9,10.5,13.6,999.9
2012-01-01,2012,01,01,79.2,9999.9,1019.8,999.9,9.7,13.0,999.9
2012-01-01,2012,01,01,28.9,27.2,963.5,999.9,9.1,14.0,999.9
2012-01-01,2012,01,01,60.8,9999.9,1022.4,999.9,9.5,15.9,999.9
2012-01-01,2012,01,01,69.8,9999.9,1021.5,999.9,8.7,15.0,999.9
2012-01-01,2012,01,01,8.4,-0.7,9999.9,999.9,6.4,14.0,27.0
2012-01-01,2012,01,01,62.0,51.2,1022.2,999.9,3.5,5.8,999.9
2012-01-01,2012,01,01,77.5,68.6,1011.8,999.9,6.8,12.0,999.9
2012-01-01,2012,01,01,23.1,20.6,1015.6,999.9,13.3,20.0,22.9
2012-01-01,2012,01,01,14.6,-3.5,1027.8,999.9,10.5,15.9,24.1
2012-01-01,2012,01,01,34.1,32.3,1008.3,999.9,12.9,22.0,25.8
2012-01-01,2012,01,01,43.8,32.8,1016.2,999.9,2.6,6.0,999.9
2012-01-01,2012,01,01,-18.6,-22.6,1030.2,999.9,999.9,999.9,999.9
2012-01-01,2012,01,01,64.2,55.4,1011.5,999.9,10.6,13.0,999.9
2012-01-01,2012,01,01,95.8,37.3,1008.0,999.9,10.1,14.0,999.9
2012-01-01,2012,01,01,73.2,56.3,9999.9,999.9,3.5,6.0,999.9
2012-01-01,2012,01,01,72.9,52.5,1018.1,999.9,3.3,5.1,999.9
2012-01-01,2012,01,01,56.9,53.6,1013.4,999.9,8.0,11.1,999.9
2012-01-01,2012,01,01,87.3,40.0,1012.0,999.9,7.9,12.0,999.9
2012-01-01,2012,01,01,70.6,55.6,1015.9,999.9,6.7,15.0,999.9
2012-01-01,2012,01,01,70.0,57.4,9999.9,999.9,3.4,7.0,999.9
2012-01-01,2012,01,01,31.2,27.1,961.6,999.9,5.7,9.9,999.9
2012-01-01,2012,01,01,41.4,40.6,1023.7,999.9,1.0,4.1,5.1
2012-01-01,2012,01,01,28.0,13.4,9999.9,999.9,6.2,12.8,999.9
2012-01-01,2012,01,01,62.0,51.9,1014.2,999.9,9.1,13.0,999.9
2012-01-01,2012,01,01,19.9,15.3,992.5,999.9,5.5,8.0,999.9
2012-01-01,2012,01,01,19.3,18.4,1011.3,999.9,999.9,999.9,999.9
2012-01-01,2012,01,01,26.8,9999.9,9999.9,999.9,999.9,999.9,999.9
2012-01-01,2012,01,01,4.2,-5.1,1042.1,999.9,7.3,9.7,19.4
2012-01-01,2012,01,01,83.2,72.7,1008.8,999.9,3.9,8.0,999.9
2012-01-01,2012,01,01,90.9,60.8,1004.6,999.9,9.1,12.0,999.9
2012-01-01,2012,01,01,74.3,55.1,1013.8,999.9,4.5,6.0,999.9
2012-01-01,2012,01,01,27.8,23.8,963.7,999.9,20.0,26.0,999.9
2012-01-01,2012,01,01,69.0,53.6,1015.4,999.9,3.5,5.1,999.9
2012-01-01,2012,01,01,38.9,30.2,1026.9,999.9,25.4,31.9,39.0
2012-01-01,2012,01,01,23.6,17.6,1017.2,999.9,21.6,29.9,37.9
2012-01-01,2012,01,01,34.7,24.3,990.9,999.9,6.1,13.6,999.9
2012-01-01,2012,01,01,51.1,9999.9,1019.4,999.9,4.0,7.8,999.9
2012-01-01,2012,01,01,49.2,38.4,1016.3,999.9,999.9,999.9,999.9
2012-01-01,2012,01,01,28.1,26.9,9999.9,999.9,3.0,5.8,999.9
2012-01-01,2012,01,01,37.6,9999.9,9999.9,999.9,999.9,999.9,999.9
2012-01-01,2012,01,01,22.1,15.6,9999.9,999.9,18.5,22.9,36.9
2012-01-01,2012,01,01,27.2,19.0,1035.3,999.9,3.0,7.0,999.9
2012-01-01,2012,01,01,19.5,9.4,1029.6,999.9,18.0,21.0,35.0
2012-01-01,2012,01,01,32.2,30.6,9999.9,999.9,2.2,5.8,999.9
2012-01-01,2012,01,01,10.3,-1.3,9999.9,999.9,8.8,12.8,25.1
2012-01-01,2012,01,01,38.0,35.3,9999.9,999.9,999.9,999.9,999.9
2012-01-01,2012,01,01,34.1,9999.9,9999.9,999.9,999.9,999.9,999.9
2012-01-01,2012,01,01,37.4,10.7,1029.9,999.9,4.0,7.0,999.9
2012-01-01,2012,01,01,59.2,9999.9,9999.9,999.9,999.9,999.9,999.9
2012-01-01,2012,01,01,79.8,37.8,1013.8,999.9,3.4,8.0,999.9
2012-01-01,2012,01,01,32.4,14.9,1027.3,999.9,16.6,28.0,38.1
2012-01-01,2012,01,01,20.6,15.6,1020.0,999.9,19.2,24.9,31.9
2012-01-01,2012,01,01,22.2,22.1,9999.9,999.9,999.9,999.9,999.9
2012-01-01,2012,01,01,42.7,33.0,9999.9,999.9,8.7,13.6,999.9
2012-01-01,2012,01,01,20.7,17.5,9999.9,999.9,22.6,28.9,35.0
2012-01-01,2012,01,01,54.1,49.8,9999.9,999.9,10.5,19.0,22.0
2012-01-01,2012,01,01,96.8,44.9,1006.7,999.9,11.1,26.0,999.9
2012-01-01,2012,01,01,78.4,51.3,1013.2,999.9,3.4,6.0,999.9
2012-01-01,2012,01,01,40.9,9999.9,9999.9,999.9,999.9,999.9,999.9
2012-01-01,2012,01,01,54.2,9999.9,9999.9,999.9,6.7,16.7,999.9
2012-01-01,2012,01,01,15.9,13.2,9999.9,999.9,4.5,12.8,22.0
2012-01-01,2012,01,01,23.7,14.7,9999.9,999.9,13.7,15.0,35.9
2012-01-01,2012,01,01,19.9,18.2,9999.9,999.9,999.9,999.9,999.9
2012-01-01,2012,01,01,25.5,9.8,1029.4,999.9,17.4,28.0,35.9
2012-01-01,2012,01,01,31.6,27.1,1003.4,999.9,16.9,32.1,42.9
2012-01-01,2012,01,01,24.6,24.2,9999.9,999.9,999.9,999.9,999.9
2012-01-01,2012,01,01,38.2,36.1,1018.4,999.9,1.7,1.9,999.9
2012-01-01,2012,01,01,63.5,55.9,1015.4,999.9,12.8,18.1,999.9
2012-01-01,2012,01,01,45.7,43.6,1028.8,999.9,4.7,9.7,17.5
2012-01-01,2012,01,01,2.6,-3.3,1041.0,999.9,16.8,31.1,38.9
2012-01-01,2012,01,01,70.6,56.5,1016.1,999.9,3.4,9.9,999.9
2012-01-01,2012,01,01,87.4,42.8,1012.1,999.9,7.4,11.1,999.9
2012-01-01,2012,01,01,19.9,18.8,1010.1,999.9,4.4,9.7,999.9
2012-01-01,2012,01,01,29.7,28.9,996.3,999.9,2.3,3.9,999.9
2012-01-01,2012,01,01,-1.4,-16.6,9999.9,999.9,1.0,1.9,999.9
2012-01-01,2012,01,01,20.3,18.6,9999.9,999.9,999.9,999.9,999.9
2012-01-01,2012,01,01,90.9,37.2,1003.6,999.9,6.6,13.0,999.9
2012-01-01,2012,01,01,32.4,9999.9,9999.9,999.9,999.9,999.9,999.9
2012-01-01,2012,01,01,38.9,9999.9,9999.9,999.9,8.5,13.0,999.9
2012-01-01,2012,01,01,41.2,36.1,1009.4,999.9,15.5,22.0,31.9
2012-01-01,2012,01,01,51.9,47.9,1028.8,999.9,4.5,7.8,17.5
2012-01-01,2012,01,01,28.8,18.9,996.5,999.9,999.9,999.9,999.9
2012-01-01,2012,01,01,47.4,9999.9,9999.9,999.9,999.9,999.9,999.9
2012-01-01,2012,01,01,47.9,9999.9,998.7,999.9,18.4,25.3,999.9
2012-01-01,2012,01,01,58.0,9999.9,9999.9,999.9,7.3,17.5,999.9
2012-01-01,2012,01,01,53.1,9999.9,9999.9,999.9,999.9,999.9,999.9
2012-01-01,2012,01,01,77.7,55.0,1013.4,999.9,12.1,20.0,999.9
2012-01-01,2012,01,01,0.6,-7.6,9999.9,999.9,3.5,7.0,22.0
2012-01-01,2012,01,01,34.9,9999.9,998.1,999.9,999.9,999.9,999.9
2012-01-01,2012,01,01,13.5,-0.4,1032.9,999.9,6.5,9.9,35.0
2012-01-01,2012,01,01,31.4,9999.9,1006.7,999.9,8.9,25.1,999.9
2012-01-01,2012,01,01,20.1,9.1,1035.5,999.9,5.2,10.9,31.1
2012-01-01,2012,01,01,31.2,30.5,9999.9,999.9,2.0,5.8,999.9
2012-01-01,2012,01,01,74.8,52.8,9999.9,999.9,5.9,11.1,999.9
2012-01-01,2012,01,01,44.1,38.5,986.4,999.9,13.1,17.5,999.9
2012-01-01,2012,01,01,60.6,54.7,1016.1,999.9,6.3,11.1,999.9
2012-01-01,2012,01,01,25.1,9999.9,9999.9,999.9,999.9,999.9,999.9
2012-01-01,2012,01,01,18.4,14.0,1018.7,999.9,21.6,26.8,36.9
2012-01-01,2012,01,01,59.8,52.7,1031.5,999.9,5.1,9.7,15.5
2012-01-01,2012,01,01,13.6,10.9,1004.4,999.9,8.1,20.0,28.9
2012-01-01,2012,01,01,28.7,12.8,9999.9,999.9,4.6,22.9,999.9
2012-01-01,2012,01,01,35.0,30.8,1020.8,999.9,4.5,5.8,999.9
2012-01-01,2012,01,01,12.4,0.9,9999.9,999.9,6.7,9.9,20.0
2012-01-01,2012,01,01,12.6,7.4,9999.9,999.9,5.0,7.0,27.0
2012-01-01,2012,01,01,82.0,73.0,1009.5,999.9,8.3,13.0,999.9
2012-01-01,2012,01,01,-19.2,-23.3,1018.8,999.9,9.3,15.9,999.9
2012-01-01,2012,01,01,61.6,53.0,1014.4,999.9,6.6,9.9,999.9
2012-01-01,2012,01,01,79.2,66.1,1007.4,999.9,17.4,20.0,999.9
2012-01-01,2012,01,01,64.2,45.2,9999.9,999.9,5.0,7.0,999.9
2012-01-01,2012,01,01,17.4,12.0,9999.9,999.9,6.4,10.9,35.0
2012-01-01,2012,01,01,54.2,38.3,1017.6,999.9,999.9,999.9,999.9
2012-01-01,2012,01,01,42.6,38.5,9999.9,999.9,999.9,999.9,999.9
2012-01-01,2012,01,01,29.8,28.9,9999.9,999.9,1.5,3.9,999.9
2012-01-01,2012,01,01,13.5,-0.7,9999.9,999.9,7.1,12.0,25.1
2012-01-01,2012,01,01,41.3,24.1,1016.6,999.9,0.5,1.9,999.9
2012-01-01,2012,01,01,11.1,3.9,9999.9,999.9,4.6,8.9,33.0
2012-01-01,2012,01,01,20.5,6.6,9999.9,999.9,16.2,22.9,35.9
2012-01-01,2012,01,01,79.7,9999.9,1020.2,999.9,5.9,11.7,999.9
2012-01-01,2012,01,01,33.1,31.0,9999.9,999.9,13.3,20.0,46.0
2012-01-01,2012,01,01,60.6,56.6,1022.7,999.9,3.1,11.1,999.9
2012-01-01,2012,01,01,27.8,9999.9,9999.9,999.9,999.9,999.9,999.9
2012-01-01,2012,01,01,22.5,21.0,9999.9,999.9,15.7,25.3,999.9
2012-01-01,2012,01,01,-3.4,-7.3,1009.2,999.9,6.2,13.0,999.9
2012-01-01,2012,01,01,31.7,28.3,1008.4,999.9,10.1,17.5,999.9
2012-01-01,2012,01,01,29.8,24.6,1010.2,999.9,14.8,21.4,999.9
2012-01-01,2012,01,01,65.5,9999.9,9999.9,999.9,1.2,4.1,999.9
2012-01-01,2012,01,01,46.4,9999.9,9999.9,999.9,999.9,999.9,999.9
2012-01-01,2012,01,01,65.3,47.0,9999.9,999.9,6.9,8.9,999.9
2012-01-01,2012,01,01,42.7,42.4,1004.9,999.9,15.5,21.0,999.9
2012-01-01,2012,01,01,57.6,46.4,1018.5,999.9,8.2,14.0,999.9
2012-01-01,2012,01,01,37.4,9999.9,1009.2,999.9,23.1,31.1,999.9
2012-01-01,2012,01,01,25.1,9999.9,9999.9,999.9,999.9,999.9,999.9
2012-01-01,2012,01,01,55.5,9999.9,9999.9,999.9,5.3,12.8,999.9
2012-01-01,2012,01,01,32.0,26.9,1022.2,999.9,3.1,5.8,999.9
2012-01-01,2012,01,01,-28.9,9999.9,9999.9,999.9,0.1,1.0,999.9
2012-01-01,2012,01,01,83.3,80.8,1009.2,999.9,6.0,8.0,999.9
2012-01-01,2012,01,01,79.9,50.2,1012.0,999.9,10.8,15.9,999.9
2012-01-01,2012,01,01,47.7,41.2,991.0,999.9,999.9,999.9,999.9
2012-01-01,2012,01,01,78.8,55.1,1013.4,999.9,2.9,4.1,999.9
2012-01-01,2012,01,01,65.2,58.5,1015.8,999.9,4.5,8.9,999.9
2012-01-01,2012,01,01,45.5,45.3,1021.4,999.9,3.8,7.0,11.1
2012-01-01,2012,01,01,40.4,37.7,1011.6,999.9,999.9,999.9,999.9
2012-01-01,2012,01,01,43.5,9999.9,1013.8,999.9,6.1,13.0,999.9
2012-01-01,2012,01,01,53.9,43.3,1021.7,999.9,8.5,15.0,19.0
2012-01-01,2012,01,01,-23.9,9999.9,1014.9,999.9,3.5,7.8,999.9
2012-01-01,2012,01,01,13.6,4.0,1030.8,999.9,11.2,15.0,28.0
2012-01-01,2012,01,01,64.9,9999.9,9999.9,999.9,10.8,22.0,999.9
2012-01-01,2012,01,01,61.6,9999.9,1022.3,999.9,6.2,12.0,999.9
2012-01-01,2012,01,01,25.7,24.7,1012.7,999.9,2.0,4.1,999.9
2012-01-01,2012,01,01,23.2,9999.9,9999.9,999.9,999.9,999.9,999.9
2012-01-01,2012,01,01,29.1,28.1,1013.2,999.9,3.9,6.0,999.9
2012-01-01,2012,01,01,24.6,21.0,1015.5,999.9,5.6,10.9,20.0
2012-01-01,2012,01,01,13.1,6.3,1033.2,999.9,999.9,999.9,999.9
2012-01-01,2012,01,01,93.7,36.0,1007.5,999.9,10.8,19.0,999.9
2012-01-01,2012,01,01,76.3,63.9,1012.4,999.9,10.5,15.9,999.9
2012-01-01,2012,01,01,61.4,58.5,9999.9,999.9,3.5,5.1,999.9
2012-01-01,2012,01,01,26.0,20.8,1009.1,999.9,12.2,18.1,999.9
2012-01-01,2012,01,01,14.9,5.8,1025.8,999.9,11.8,19.8,28.9
2012-01-01,2012,01,01,15.2,9999.9,9999.9,999.9,14.6,21.0,999.9
2012-01-01,2012,01,01,54.0,50.5,1007.7,999.9,12.7,19.4,31.1
2012-01-01,2012,01,01,8.8,9999.9,9999.9,999.9,999.9,999.9,999.9
2012-01-01,2012,01,01,41.3,41.3,1003.0,999.9,7.8,12.0,999.9
2012-01-01,2012,01,01,17.9,16.4,1012.7,999.9,9.6,15.5,999.9
2012-01-01,2012,01,01,-23.0,-29.5,1025.7,999.9,0.2,1.0,999.9
2012-01-01,2012,01,01,9.1,0.1,9999.9,999.9,5.2,7.0,29.9
2012-01-01,2012,01,01,63.8,62.2,1014.7,999.9,16.7,20.0,999.9
2012-01-01,2012,01,01,75.7,48.4,9999.9,999.9,4.0,6.0,999.9
2012-01-01,2012,01,01,33.5,32.5,1023.2,999.9,1.5,1.9,999.9
2012-01-01,2012,01,01,34.9,33.3,1018.2,999.9,2.2,3.9,999.9
2012-01-01,2012,01,01,21.5,14.7,1023.9,999.9,17.8,25.8,33.8
2012-01-01,2012,01,01,12.4,0.2,9999.9,999.9,999.9,999.9,999.9
2012-01-01,2012,01,01,41.3,39.9,1007.9,999.9,7.2,15.0,28.9
2012-01-01,2012,01,01,9.6,6.6,1028.3,999.9,3.9,5.8,999.9
2012-01-01,2012,01,01,79.6,62.5,1011.7,999.9,7.5,14.0,999.9
2012-01-01,2012,01,01,18.9,9.9,1033.6,999.9,7.6,12.8,33.0
2012-01-01,2012,01,01,67.2,55.4,9999.9,999.9,5.2,8.0,999.9
2012-01-01,2012,01,01,14.1,9.0,9999.9,999.9,6.5,9.9,29.9
2012-01-01,2012,01,01,84.0,52.4,1007.4,999.9,10.6,22.9,999.9
2012-01-01,2012,01,01,79.1,59.7,1007.0,999.9,9.5,15.0,999.9
2012-01-01,2012,01,01,91.2,39.4,1009.8,999.9,8.2,14.0,999.9
2012-01-01,2012,01,01,8.5,0.4,9999.9,999.9,4.0,5.1,29.9
2012-01-01,2012,01,01,85.5,42.4,1003.9,999.9,6.7,13.0,999.9
2012-01-01,2012,01,01,25.1,17.1,9999.9,999.9,3.9,8.0,999.9
2012-01-01,2012,01,01,36.5,35.5,1009.5,999.9,4.4,7.8,999.9
2012-01-01,2012,01,01,84.5,45.4,1013.0,999.9,4.0,9.9,999.9
2012-01-01,2012,01,01,43.2,9999.9,9999.9,999.9,999.9,999.9,999.9
2012-01-01,2012,01,01,24.3,21.1,1014.0,999.9,8.3,14.0,20.0
2012-01-01,2012,01,01,29.2,29.2,1015.4,999.9,4.4,7.8,999.9
2012-01-01,2012,01,01,84.9,39.0,9999.9,999.9,6.0,11.1,999.9
2012-01-01,2012,01,01,44.7,39.1,9999.9,999.9,7.4,11.7,999.9
2012-01-01,2012,01,01,29.4,25.3,1007.1,999.9,14.6,27.2,999.9
2012-01-01,2012,01,01,33.1,27.3,1009.3,999.9,13.1,29.1,999.9
2012-01-01,2012,01,01,21.8,16.1,1012.2,999.9,13.9,21.0,29.9
2012-01-01,2012,01,01,73.9,63.0,1012.0,999.9,7.7,14.0,999.9
2012-01-01,2012,01,01,77.6,73.3,1014.7,999.9,8.4,9.9,999.9
2012-01-01,2012,01,01,90.4,53.7,1007.9,999.9,8.8,13.0,999.9
2012-01-01,2012,01,01,90.9,40.4,1007.6,999.9,12.7,19.0,999.9
2012-01-01,2012,01,01,28.6,19.4,999.9,999.9,25.7,29.1,999.9
2012-01-01,2012,01,01,11.6,3.5,9999.9,999.9,999.9,999.9,999.9
2012-01-01,2012,01,01,19.1,12.4,9999.9,999.9,7.5,11.1,32.1
2012-01-01,2012,01,01,19.8,18.4,1004.2,999.9,1.9,3.9,999.9
2012-01-01,2012,01,01,36.6,34.9,1007.0,999.9,6.9,12.8,22.9
2012-01-01,2012,01,01,45.6,44.3,1022.2,999.9,1.1,2.9,8.9
2012-01-01,2012,01,01,45.8,45.7,1019.5,999.9,0.8,1.9,4.1
2012-01-01,2012,01,01,91.3,55.6,1007.7,999.9,7.1,14.0,999.9
2012-01-01,2012,01,01,28.2,25.6,1012.4,999.9,5.3,7.8,999.9
2012-01-01,2012,01,01,41.9,34.2,1016.1,999.9,3.9,14.0,999.9
2012-01-01,2012,01,01,46.5,41.5,1015.9,999.9,5.9,8.9,15.0
2012-01-01,2012,01,01,57.4,9999.9,9999.9,999.9,999.9,999.9,999.9
2012-01-01,2012,01,01,25.5,22.9,1010.6,999.9,4.6,9.7,999.9
2012-01-01,2012,01,01,49.4,49.0,9999.9,999.9,999.9,999.9,999.9
2012-01-01,2012,01,01,92.1,38.5,1009.3,999.9,8.5,19.0,999.9
2012-01-01,2012,01,01,42.3,9999.9,9999.9,999.9,999.9,999.9,999.9
2012-01-01,2012,01,01,15.2,3.9,1029.2,999.9,9.9,21.0,35.9
2012-01-01,2012,01,01,-31.9,9999.9,1011.6,999.9,6.9,16.9,18.1
2012-01-01,2012,01,01,71.0,60.4,9999.9,999.9,6.8,9.9,999.9
2012-01-01,2012,01,01,34.4,30.2,1021.6,999.9,2.7,5.8,999.9
2012-01-01,2012,01,01,27.9,26.4,9999.9,999.9,999.9,999.9,999.9
2012-01-01,2012,01,01,42.4,41.3,9999.9,999.9,9.2,12.0,999.9
2012-01-01,2012,01,01,29.9,28.6,1021.8,999.9,2.1,3.9,999.9
2012-01-01,2012,01,01,29.4,27.4,9999.9,999.9,3.8,8.9,15.9
2012-01-01,2012,01,01,-6.3,9999.9,9999.9,999.9,999.9,999.9,999.9
2012-01-01,2012,01,01,55.8,9999.9,9999.9,999.9,999.9,999.9,999.9
2012-01-01,2012,01,01,22.8,22.6,1013.7,999.9,4.9,9.9,21.0
2012-01-01,2012,01,01,24.3,23.7,1014.0,999.9,1.0,1.9,999.9
2012-01-01,2012,01,01,74.5,58.3,9999.9,999.9,2.2,2.9,999.9
2012-01-01,2012,01,01,71.6,63.0,9999.9,999.9,1.7,5.1,999.9
2012-01-01,2012,01,01,44.1,9999.9,9999.9,999.9,999.9,999.9,999.9
2012-01-01,2012,01,01,24.3,9999.9,9999.9,999.9,999.9,999.9,999.9
2012-01-01,2012,01,01,10.4,1.6,9999.9,999.9,999.9,999.9,999.9
2012-01-01,2012,01,01,34.2,31.6,1009.9,999.9,6.3,9.9,19.8
2012-01-01,2012,01,01,40.4,38.0,1005.6,999.9,7.0,12.0,28.0
2012-01-01,2012,01,01,21.0,17.7,9999.9,999.9,7.5,11.8,22.0
2012-01-01,2012,01,01,19.6,17.1,995.3,999.9,10.7,17.5,999.9
2012-01-01,2012,01,01,55.6,9999.9,1018.7,999.9,4.5,7.8,11.7
2012-01-01,2012,01,01,18.6,14.0,9999.9,999.9,9.7,15.9,20.0
2012-01-01,2012,01,01,66.1,51.1,1017.3,999.9,5.8,11.1,999.9
2012-01-01,2012,01,01,65.8,48.9,9999.9,999.9,10.1,21.0,999.9
2012-01-01,2012,01,01,74.8,68.7,9999.9,999.9,13.3,17.5,999.9
2012-01-01,2012,01,01,45.7,9999.9,1021.2,999.9,13.8,25.3,999.9
2012-01-01,2012,01,01,82.5,75.1,1007.7,999.9,5.7,6.0,999.9
2012-01-01,2012,01,01,47.0,40.5,990.0,999.9,20.7,25.1,999.9
2012-01-01,2012,01,01,70.0,40.0,1011.0,999.9,1.6,3.9,999.9
2012-01-01,2012,01,01,75.7,56.2,1014.7,999.9,0.7,1.9,999.9
2012-01-01,2012,01,01,0.0,9999.9,1010.2,999.9,9.2,13.0,14.0
2012-01-01,2012,01,01,51.0,9999.9,9999.9,999.9,999.9,999.9,999.9
2012-01-01,2012,01,01,36.3,9999.9,1005.2,999.9,8.8,19.0,999.9
2012-01-01,2012,01,01,59.7,10.5,9999.9,999.9,7.9,21.0,22.9
2012-01-01,2012,01,01,32.7,9999.9,9999.9,999.9,999.9,999.9,999.9
2012-01-01,2012,01,01,42.5,9999.9,1010.5,999.9,11.1,31.9,999.9
2012-01-01,2012,01,01,81.5,71.9,1010.3,999.9,7.3,9.9,17.1
2012-01-01,2012,01,01,72.7,9999.9,1022.4,999.9,999.9,999.9,999.9
2012-01-01,2012,01,01,25.5,22.7,9999.9,999.9,999.9,999.9,999.9
2012-01-01,2012,01,01,46.9,24.9,9999.9,999.9,9.0,16.9,999.9
2012-01-01,2012,01,01,56.2,9999.9,1019.6,999.9,5.8,19.0,999.9
2012-01-01,2012,01,01,38.6,31.1,1025.4,999.9,10.2,13.0,21.0
2012-01-01,2012,01,01,77.2,71.3,1021.2,999.9,16.3,19.4,999.9
2012-01-01,2012,01,01,41.6,34.6,986.8,999.9,9.2,15.5,999.9
2012-01-01,2012,01,01,64.2,9999.9,1023.0,999.9,8.5,16.9,999.9
2012-01-01,2012,01,01,20.1,14.8,967.8,999.9,5.5,9.9,999.9
2012-01-01,2012,01,01,42.3,9999.9,9999.9,999.9,999.9,999.9,999.9
2012-01-01,2012,01,01,-22.5,9999.9,1023.6,999.9,7.2,13.0,999.9
2012-01-01,2012,01,01,27.8,19.5,1038.0,999.9,2.0,5.8,21.0
2012-01-01,2012,01,01,21.5,17.4,1007.2,999.9,10.0,16.9,24.9
2012-01-01,2012,01,01,36.0,29.3,1027.2,999.9,2.5,6.0,999.9
2012-01-01,2012,01,01,-2.9,-9.1,1052.2,999.9,5.6,9.7,999.9
2012-01-01,2012,01,01,15.2,12.5,9999.9,999.9,3.8,10.9,28.0
2012-01-01,2012,01,01,-11.4,9999.9,1005.0,999.9,999.9,999.9,999.9
2012-01-01,2012,01,01,-25.7,9999.9,1025.9,999.9,7.2,12.0,999.9
2012-01-01,2012,01,01,68.0,61.0,1010.2,999.9,8.0,14.0,999.9
2012-01-01,2012,01,01,24.7,20.5,1013.5,999.9,9.3,23.9,26.0
2012-01-01,2012,01,01,24.6,9999.9,9999.9,999.9,999.9,999.9,999.9
2012-01-01,2012,01,01,82.5,69.1,1010.3,999.9,14.7,20.0,999.9
2012-01-01,2012,01,01,28.5,25.9,1003.7,999.9,4.9,11.8,22.0
2012-01-01,2012,01,01,69.6,56.5,1015.4,999.9,4.0,11.1,999.9
2012-01-01,2012,01,01,24.9,23.8,1012.8,999.9,0.9,2.9,999.9
2012-01-01,2012,01,01,3.1,-4.3,9999.9,999.9,4.1,9.9,999.9
2012-01-01,2012,01,01,58.3,9999.9,9999.9,999.9,999.9,999.9,999.9
2012-01-01,2012,01,01,27.5,26.3,9999.9,999.9,4.9,7.8,999.9
2012-01-01,2012,01,01,68.4,48.5,1021.0,999.9,5.8,8.0,999.9
2012-01-01,2012,01,01,-2.1,-6.2,9999.9,999.9,2.7,5.8,999.9
2012-01-01,2012,01,01,20.5,18.8,1011.2,999.9,3.7,7.8,999.9
2012-01-01,2012,01,01,23.7,22.1,992.9,999.9,8.6,15.0,999.9
2012-01-01,2012,01,01,28.0,24.6,1007.0,999.9,8.5,17.5,999.9
2012-01-01,2012,01,01,80.6,51.6,1007.6,999.9,6.6,13.0,999.9
2012-01-01,2012,01,01,-2.8,9999.9,1005.2,999.9,14.1,23.9,39.0
2012-01-01,2012,01,01,20.3,17.1,1007.1,999.9,16.3,19.4,999.9
2012-01-01,2012,01,01,28.0,24.9,1015.8,999.9,10.0,19.8,27.0
2012-01-01,2012,01,01,23.8,9999.9,9999.9,999.9,999.9,999.9,999.9
2012-01-01,2012,01,01,18.5,16.3,9999.9,999.9,999.9,999.9,999.9
2012-01-01,2012,01,01,25.2,22.2,1009.8,999.9,8.0,15.5,999.9
2012-01-01,2012,01,01,54.5,9999.9,9999.9,999.9,999.9,999.9,999.9
2012-01-01,2012,01,01,43.6,42.7,9999.9,999.9,10.8,13.0,999.9
2012-01-01,2012,01,01,-17.7,-23.0,1022.4,999.9,0.9,4.1,999.9
2012-01-01,2012,01,01,46.8,42.4,1027.1,999.9,3.8,9.7,23.3
2012-01-01,2012,01,01,68.7,62.1,1015.5,999.9,4.6,9.9,999.9
2012-01-01,2012,01,01,32.4,29.8,1012.8,999.9,999.9,999.9,999.9
2012-01-01,2012,01,01,0.0,-3.9,1043.7,999.9,0.0,999.9,999.9
2012-01-01,2012,01,01,25.5,21.5,1020.1,999.9,4.9,5.8,999.9
2012-01-01,2012,01,01,26.0,24.7,1023.9,999.9,1.5,1.9,999.9
2012-01-01,2012,01,01,9.0,-0.7,9999.9,999.9,7.0,8.0,28.0
2012-01-01,2012,01,01,33.5,33.1,1023.6,999.9,1.0,1.9,999.9
2012-01-01,2012,01,01,33.1,29.9,9999.9,999.9,1.9,3.9,999.9
2012-01-01,2012,01,01,33.6,31.7,9999.9,999.9,6.8,11.7,999.9
2012-01-01,2012,01,01,37.2,36.6,1009.3,999.9,3.4,5.8,999.9
2012-01-01,2012,01,01,33.9,33.5,9999.9,999.9,1.0,1.9,999.9
2012-01-01,2012,01,01,16.7,8.3,1027.8,999.9,8.3,13.0,26.0
2012-01-01,2012,01,01,61.9,9999.9,9999.9,999.9,999.9,999.9,999.9
2012-01-01,2012,01,01,39.0,38.0,1019.7,999.9,3.2,5.8,999.9
2012-01-01,2012,01,01,23.9,20.9,9999.9,999.9,23.4,42.7,999.9
2012-01-01,2012,01,01,16.9,14.6,1032.8,999.9,1.9,3.9,999.9
2012-01-01,2012,01,01,71.6,69.8,1009.3,999.9,8.2,9.9,999.9
2012-01-01,2012,01,01,65.3,54.8,1016.8,999.9,11.0,22.0,999.9
2012-01-01,2012,01,01,87.1,77.3,1008.1,999.9,8.7,12.0,999.9
2012-01-01,2012,01,01,14.7,3.3,9999.9,999.9,9.8,12.0,33.0
2012-01-01,2012,01,01,25.1,24.1,1012.3,999.9,5.5,11.1,999.9
2012-01-01,2012,01,01,81.4,62.5,1006.6,999.9,10.0,19.0,999.9
2012-01-01,2012,01,01,65.9,54.0,1015.8,999.9,7.1,12.0,999.9
2012-01-01,2012,01,01,32.7,27.1,9999.9,999.9,999.9,999.9,999.9
2012-01-01,2012,01,01,86.2,9999.9,9999.9,999.9,7.3,11.1,999.9
2012-01-01,2012,01,01,69.1,56.5,1016.7,999.9,3.9,12.0,999.9
2012-01-01,2012,01,01,26.9,9999.9,9999.9,999.9,999.9,999.9,999.9
2012-01-01,2012,01,01,54.1,33.2,9999.9,999.9,999.9,999.9,999.9
2012-01-01,2012,01,01,70.3,58.7,1016.2,999.9,3.1,8.9,999.9
2012-01-01,2012,01,01,25.9,23.4,1008.5,999.9,17.2,21.4,999.9
2012-01-01,2012,01,01,84.1,74.6,1008.5,999.9,5.8,8.9,999.9
2012-01-01,2012,01,01,88.2,42.2,1008.3,999.9,9.1,22.9,999.9
2012-01-01,2012,01,01,69.8,60.2,1013.9,999.9,5.5,8.9,999.9
2012-01-01,2012,01,01,79.9,61.7,1011.6,999.9,999.9,999.9,999.9
2012-01-01,2012,01,01,76.6,60.9,1013.2,999.9,5.6,8.9,999.9
2012-01-01,2012,01,01,68.1,59.9,9999.9,999.9,6.4,8.0,999.9
2012-01-01,2012,01,01,34.0,32.9,9999.9,999.9,3.4,7.8,999.9
2012-01-01,2012,01,01,70.3,58.8,1017.4,999.9,5.1,11.1,999.9
2012-01-01,2012,01,01,66.8,60.7,1016.5,999.9,5.6,9.9,999.9
2012-01-01,2012,01,01,69.8,59.7,9999.9,999.9,5.0,12.0,999.9
2012-01-01,2012,01,01,78.8,51.6,1013.5,999.9,6.0,14.0,999.9
2012-01-01,2012,01,01,66.7,40.8,1014.2,999.9,8.6,11.1,999.9
2012-01-01,2012,01,01,16.8,11.3,1034.6,999.9,4.9,14.0,24.1
2012-01-01,2012,01,01,46.9,45.4,1029.9,999.9,3.2,5.8,999.9
2012-01-01,2012,01,01,58.3,58.0,1016.2,999.9,12.7,20.0,999.9
2012-01-01,2012,01,01,71.1,45.5,9999.9,999.9,4.8,8.0,999.9
2012-01-01,2012,01,01,76.7,60.5,1013.9,999.9,16.5,20.0,999.9
2012-01-01,2012,01,01,41.2,40.3,999.0,999.9,13.7,19.0,999.9
2012-01-01,2012,01,01,21.4,15.4,9999.9,999.9,4.9,15.5,999.9
2012-01-01,2012,01,01,20.4,12.9,1020.9,999.9,12.6,19.8,27.0
2012-01-01,2012,01,01,15.7,13.1,1029.1,999.9,4.6,7.8,999.9
2012-01-01,2012,01,01,18.7,9.7,1032.0,999.9,1.9,3.9,13.6
2012-01-01,2012,01,01,10.8,4.5,1036.5,999.9,5.6,7.8,999.9
2012-01-01,2012,01,01,11.4,1.0,9999.9,999.9,8.2,15.0,31.1
2012-01-01,2012,01,01,62.8,9999.9,9999.9,999.9,999.9,999.9,999.9
2012-01-01,2012,01,01,-2.9,-9.4,1038.5,999.9,0.5,1.9,999.9
2012-01-01,2012,01,01,16.8,-0.9,1036.6,999.9,2.4,5.8,999.9
2012-01-01,2012,01,01,35.4,26.4,9999.9,999.9,999.9,999.9,999.9
2012-01-01,2012,01,01,90.8,62.5,1006.6,999.9,5.7,9.9,999.9
2012-01-01,2012,01,01,20.5,19.0,9999.9,999.9,2.1,5.8,999.9
2012-01-01,2012,01,01,70.2,50.2,1012.4,999.9,10.5,25.1,999.9
2012-01-01,2012,01,01,69.6,58.6,1015.6,999.9,5.5,9.9,999.9
2012-01-01,2012,01,01,29.1,21.1,1033.7,999.9,3.4,7.0,999.9
2012-01-01,2012,01,01,75.0,55.0,1012.5,999.9,7.5,13.0,999.9
2012-01-01,2012,01,01,23.8,9999.9,1014.8,999.9,1.4,6.0,11.1
2012-01-01,2012,01,01,83.1,49.7,1012.6,999.9,4.7,8.0,999.9
2012-01-01,2012,01,01,2.0,-3.3,9999.9,999.9,2.9,8.0,19.0
2012-01-01,2012,01,01,34.3,9999.9,9999.9,999.9,999.9,999.9,999.9
2012-01-01,2012,01,01,16.9,9999.9,9999.9,999.9,999.9,999.9,999.9
2012-01-01,2012,01,01,54.6,49.3,1009.8,999.9,12.1,19.4,31.1
2012-01-01,2012,01,01,34.5,9999.9,9999.9,999.9,999.9,999.9,999.9
2012-01-01,2012,01,01,53.3,52.3,9999.9,999.9,10.4,15.5,31.1
2012-01-01,2012,01,01,19.2,18.0,9999.9,999.9,13.9,19.4,999.9
2012-01-01,2012,01,01,35.5,34.0,992.7,999.9,999.9,999.9,999.9
2012-01-01,2012,01,01,85.9,75.1,1008.2,999.9,8.6,14.0,999.9
2012-01-01,2012,01,01,30.5,9999.9,1000.6,999.9,18.7,23.3,999.9
2012-01-01,2012,01,01,39.1,37.0,996.7,999.9,13.4,19.4,999.9
2012-01-01,2012,01,01,20.9,9999.9,9999.9,999.9,999.9,999.9,999.9
2012-01-01,2012,01,01,41.3,24.3,9999.9,999.9,16.6,30.9,46.0
2012-01-01,2012,01,01,85.1,62.7,1006.7,999.9,11.0,16.9,999.9
2012-01-01,2012,01,01,89.1,35.9,1004.2,999.9,7.1,15.0,999.9
2012-01-01,2012,01,01,37.7,36.0,1022.4,999.9,1.6,5.1,7.0
2012-01-01,2012,01,01,55.4,49.4,1019.4,999.9,2.3,8.0,999.9
2012-01-01,2012,01,01,63.4,56.3,1017.9,999.9,11.4,15.9,28.0
2012-01-01,2012,01,01,46.6,31.8,1014.1,999.9,2.9,6.0,999.9
2012-01-01,2012,01,01,75.2,66.3,1013.0,999.9,14.7,16.9,999.9
2012-01-01,2012,01,01,63.8,52.0,1014.4,999.9,4.1,6.0,999.9
2012-01-01,2012,01,01,62.7,15.2,1018.8,999.9,9.4,22.0,28.0
2012-01-01,2012,01,01,23.8,11.9,1027.6,999.9,21.9,32.1,42.0
2012-01-01,2012,01,01,-25.4,-31.1,1019.0,999.9,999.9,999.9,999.9
2012-01-01,2012,01,01,45.5,42.1,991.0,999.9,17.4,23.3,999.9
2012-01-01,2012,01,01,19.8,9999.9,9999.9,999.9,999.9,999.9,999.9
2012-01-01,2012,01,01,25.7,24.1,1015.0,999.9,5.7,8.0,20.0
2012-01-01,2012,01,01,51.2,49.3,1013.8,999.9,10.0,15.5,33.0
2012-01-01,2012,01,01,36.4,9999.9,1005.7,999.9,16.3,26.0,999.9
2012-01-01,2012,01,01,70.4,57.7,9999.9,999.9,4.5,8.0,999.9
2012-01-01,2012,01,01,23.4,9999.9,9999.9,999.9,999.9,999.9,999.9
2012-01-01,2012,01,01,42.9,42.4,1003.9,999.9,15.3,19.0,999.9
2012-01-01,2012,01,01,38.7,9999.9,9999.9,999.9,999.9,999.9,999.9
2012-01-01,2012,01,01,6.0,3.8,9999.9,999.9,12.2,23.9,29.9
2012-01-01,2012,01,01,38.5,37.9,9999.9,999.9,7.7,11.7,999.9
2012-01-01,2012,01,01,78.4,60.6,9999.9,999.9,1.9,6.0,14.0
2012-01-01,2012,01,01,15.0,12.4,9999.9,999.9,5.1,11.8,24.1
2012-01-01,2012,01,01,3.9,1.7,9999.9,999.9,19.4,25.8,35.9
2012-01-01,2012,01,01,-6.4,-8.9,9999.9,999.9,7.3,15.0,24.1
2012-01-01,2012,01,01,25.6,24.4,9999.9,999.9,999.9,999.9,999.9
2012-01-01,2012,01,01,12.0,0.4,9999.9,999.9,2.2,5.8,21.0
2012-01-01,2012,01,01,64.0,59.9,9999.9,999.9,9.6,14.0,999.9
2012-01-01,2012,01,01,55.6,9999.9,9999.9,999.9,10.8,21.8,999.9
2012-01-01,2012,01,01,26.6,9999.9,9999.9,999.9,999.9,999.9,999.9
2012-01-01,2012,01,01,55.6,9999.9,9999.9,999.9,999.9,999.9,999.9
2012-01-01,2012,01,01,23.7,9999.9,9999.9,999.9,999.9,999.9,999.9
2012-01-01,2012,01,01,31.4,9999.9,9999.9,999.9,999.9,999.9,999.9
2012-01-01,2012,01,01,21.5,9999.9,9999.9,999.9,999.9,999.9,999.9
2012-01-01,2012,01,01,67.2,64.6,1024.8,999.9,11.9,21.4,999.9
2012-01-01,2012,01,01,20.9,19.5,9999.9,999.9,999.9,999.9,999.9
2012-01-01,2012,01,01,43.1,42.3,999.8,999.9,9.8,15.0,999.9
2012-01-01,2012,01,01,63.7,36.3,1016.9,999.9,2.4,4.1,999.9
2012-01-01,2012,01,01,40.3,9999.9,9999.9,999.9,20.7,40.0,999.9
2012-01-01,2012,01,01,62.9,9999.9,9999.9,999.9,19.9,22.9,999.9
2012-01-01,2012,01,01,44.1,9999.9,9999.9,999.9,999.9,999.9,999.9
2012-01-01,2012,01,01,8.1,9999.9,1008.6,999.9,999.9,999.9,999.9
2012-01-01,2012,01,01,24.3,17.0,996.1,999.9,7.3,13.6,999.9
2012-01-01,2012,01,01,44.5,38.1,1016.3,999.9,999.9,999.9,999.9
2012-01-01,2012,01,01,48.8,9999.9,9999.9,999.9,999.9,999.9,999.9
2012-01-01,2012,01,01,72.1,58.7,1016.6,999.9,999.9,999.9,999.9
2012-01-01,2012,01,01,-34.2,-40.9,1023.1,999.9,1.4,2.9,999.9
2012-01-01,2012,01,01,22.5,19.0,1009.7,999.9,5.2,11.7,999.9
2012-01-01,2012,01,01,32.5,9999.9,9999.9,999.9,999.9,999.9,999.9
2012-01-01,2012,01,01,23.1,22.5,1027.3,999.9,0.0,999.9,999.9
2012-01-01,2012,01,01,70.6,60.0,9999.9,999.9,3.5,7.0,999.9
2012-01-01,2012,01,01,40.4,9999.9,9999.9,999.9,999.9,999.9,999.9
2012-01-01,2012,01,01,36.9,25.1,990.5,999.9,13.6,21.4,999.9
2012-01-01,2012,01,01,41.7,38.7,9999.9,999.9,20.2,28.9,38.9
2012-01-01,2012,01,01,32.3,26.9,1011.1,999.9,6.9,11.7,19.4
2012-01-01,2012,01,01,43.2,25.2,989.1,999.9,15.5,21.4,999.9
2012-01-01,2012,01,01,36.5,9999.9,9999.9,999.9,999.9,999.9,999.9
2012-01-01,2012,01,01,36.2,34.5,9999.9,999.9,6.3,11.8,22.9
2012-01-01,2012,01,01,-26.9,9999.9,1016.8,999.9,8.0,16.9,18.8
2012-01-01,2012,01,01,65.3,62.9,1022.7,999.9,5.2,8.0,8.9
2012-01-01,2012,01,01,40.2,9999.9,9999.9,999.9,3.3,8.9,999.9
2012-01-01,2012,01,01,74.9,68.1,9999.9,999.9,2.6,4.1,999.9
2012-01-01,2012,01,01,51.1,50.8,1005.7,999.9,19.7,25.3,38.9
2012-01-01,2012,01,01,58.7,52.9,9999.9,999.9,6.1,13.0,999.9
2012-01-01,2012,01,01,39.9,9999.9,9999.9,999.9,999.9,999.9,999.9
2012-01-01,2012,01,01,24.3,9999.9,9999.9,999.9,4.4,8.0,999.9
2012-01-01,2012,01,01,37.5,9999.9,9999.9,999.9,999.9,999.9,999.9
2012-01-01,2012,01,01,45.1,9999.9,1014.7,999.9,13.2,21.0,22.9
2012-01-01,2012,01,01,51.7,51.5,1018.9,999.9,3.1,5.8,7.8
2012-01-01,2012,01,01,29.0,27.7,9999.9,999.9,2.1,3.9,999.9
2012-01-01,2012,01,01,51.5,50.2,1019.4,999.9,5.4,11.1,999.9
2012-01-01,2012,01,01,64.0,9999.9,1023.6,999.9,13.5,25.1,27.0
2012-01-01,2012,01,01,72.8,9999.9,1022.9,999.9,4.8,8.9,999.9
2012-01-01,2012,01,01,53.9,9999.9,1021.3,999.9,13.6,18.1,999.9
2012-01-01,2012,01,01,13.7,9999.9,1006.8,999.9,25.6,35.9,41.0
2012-01-01,2012,01,01,13.5,3.4,9999.9,999.9,999.9,999.9,999.9
2012-01-01,2012,01,01,41.2,39.0,1012.2,999.9,13.0,20.0,21.0
2012-01-01,2012,01,01,73.9,64.8,1022.8,999.9,11.8,23.3,999.9
2012-01-01,2012,01,01,25.2,9999.9,1001.5,999.9,4.9,8.9,999.9
2012-01-01,2012,01,01,65.8,59.4,1015.3,999.9,6.9,12.0,999.9
2012-01-01,2012,01,01,65.0,41.3,9999.9,999.9,9.0,18.1,999.9
2012-01-01,2012,01,01,79.3,71.4,1015.2,999.9,21.0,22.9,999.9
2012-01-01,2012,01,01,10.6,-0.6,1030.9,999.9,3.9,9.9,29.9
2012-01-01,2012,01,01,64.7,9999.9,1023.1,999.9,3.3,9.7,999.9
2012-01-01,2012,01,01,37.8,9999.9,1006.0,999.9,14.3,29.1,999.9
2012-01-01,2012,01,01,41.0,9999.9,9999.9,999.9,999.9,999.9,999.9
2012-01-01,2012,01,01,27.7,23.0,9999.9,999.9,11.9,19.0,27.0
2012-01-01,2012,01,01,52.9,9999.9,1020.0,999.9,5.7,15.9,999.9
2012-01-01,2012,01,01,46.9,9999.9,1017.1,999.9,8.3,21.0,999.9
2012-01-01,2012,01,01,19.5,18.4,9999.9,999.9,12.7,23.3,999.9
2012-01-01,2012,01,01,66.9,9999.9,1023.3,999.9,2.8,7.0,999.9
2012-01-01,2012,01,01,47.9,40.4,9999.9,999.9,6.1,8.9,22.0
2012-01-01,2012,01,01,18.7,0.4,1030.2,999.9,8.0,15.0,27.0
2012-01-01,2012,01,01,36.9,33.5,9999.9,999.9,16.8,25.3,999.9
2012-01-01,2012,01,01,33.4,30.6,1036.5,999.9,1.8,5.1,999.9
2012-01-01,2012,01,01,63.0,9999.9,9999.9,999.9,13.2,25.1,999.9
2012-01-01,2012,01,01,36.5,9999.9,1012.8,999.9,3.9,11.1,999.9
2012-01-01,2012,01,01,59.7,55.7,1023.0,999.9,2.5,13.0,18.1
2012-01-01,2012,01,01,81.1,71.1,1016.0,999.9,18.5,19.4,999.9
2012-01-01,2012,01,01,30.1,25.8,9999.9,999.9,11.5,25.3,999.9
2012-01-01,2012,01,01,0.4,-8.3,1033.5,999.9,0.4,3.9,24.1
2012-01-01,2012,01,01,34.7,9999.9,1003.3,999.9,12.3,20.0,999.9
2012-01-01,2012,01,01,15.3,9999.9,1006.9,999.9,4.6,12.0,999.9
2012-01-01,2012,01,01,26.5,9999.9,9999.9,999.9,999.9,999.9,999.9
2012-01-01,2012,01,01,23.2,16.6,1012.5,999.9,10.4,15.9,25.1
2012-01-01,2012,01,01,64.0,9999.9,1023.3,999.9,8.8,15.9,999.9
2012-01-01,2012,01,01,70.5,58.1,9999.9,999.9,3.1,8.0,999.9
2012-01-01,2012,01,01,62.8,9999.9,1022.1,999.9,14.1,31.1,999.9
2012-01-01,2012,01,01,63.8,9999.9,1021.8,999.9,10.0,21.0,999.9
2012-01-01,2012,01,01,-34.7,-42.0,1008.1,999.9,2.3,3.9,999.9
2012-01-01,2012,01,01,33.8,26.9,1019.4,999.9,8.1,9.7,999.9
2012-01-01,2012,01,01,40.6,33.7,1015.4,999.9,4.8,8.9,999.9
2012-01-01,2012,01,01,69.7,58.3,9999.9,999.9,4.0,6.0,999.9
2012-01-01,2012,01,01,35.1,33.8,1007.4,999.9,12.5,18.1,22.0
2012-01-01,2012,01,01,44.0,32.9,1017.0,999.9,6.0,15.9,999.9
2012-01-01,2012,01,01,62.4,50.5,1018.2,999.9,5.0,9.9,999.9
2012-01-01,2012,01,01,38.4,35.5,1010.0,999.9,999.9,999.9,999.9
2012-01-01,2012,01,01,20.3,10.6,1034.0,999.9,6.2,10.9,21.0
2012-01-01,2012,01,01,41.0,9999.9,9999.9,999.9,999.9,999.9,999.9
2012-01-01,2012,01,01,61.2,53.6,1015.7,999.9,7.5,8.9,999.9
2012-01-01,2012,01,01,26.0,23.9,1015.7,999.9,1.4,2.9,18.1
2012-01-01,2012,01,01,16.1,13.5,1028.7,999.9,2.1,3.9,999.9
2012-01-01,2012,01,01,71.9,59.9,1017.2,999.9,6.8,8.9,999.9
2012-01-01,2012,01,01,66.1,56.0,9999.9,999.9,5.9,11.1,999.9
2012-01-01,2012,01,01,14.2,4.1,1031.8,999.9,5.2,8.0,24.1
2012-01-01,2012,01,01,18.4,16.2,1016.4,999.9,999.9,999.9,999.9
2012-01-01,2012,01,01,20.1,16.7,9999.9,999.9,3.3,6.0,999.9
2012-01-01,2012,01,01,0.5,-3.1,1027.2,999.9,0.5,1.9,999.9
2012-01-01,2012,01,01,8.1,6.0,9999.9,999.9,11.2,15.5,999.9
2012-01-01,2012,01,01,29.2,27.5,1011.0,999.9,11.4,21.0,28.9
2012-01-01,2012,01,01,87.5,73.2,1007.6,999.9,4.2,8.9,999.9
2012-01-01,2012,01,01,61.4,40.2,9999.9,999.9,8.6,14.0,999.9
2012-01-01,2012,01,01,24.8,9999.9,9999.9,999.9,999.9,999.9,999.9
2012-01-01,2012,01,01,-18.7,-24.1,1023.8,999.9,2.6,8.9,999.9
2012-01-01,2012,01,01,70.8,60.7,1011.2,999.9,13.6,22.0,999.9
2012-01-01,2012,01,01,38.7,9999.9,9999.9,999.9,999.9,999.9,999.9
2012-01-01,2012,01,01,29.2,9999.9,1005.1,999.9,999.9,999.9,999.9
2012-01-01,2012,01,01,80.8,58.8,1007.4,999.9,10.6,16.9,999.9
2012-01-01,2012,01,01,28.7,26.6,9999.9,999.9,3.2,5.8,999.9
2012-01-01,2012,01,01,37.9,28.7,1026.8,999.9,1.5,3.9,999.9
2012-01-01,2012,01,01,22.7,20.6,991.8,999.9,11.2,15.5,999.9
2012-01-01,2012,01,01,24.5,21.7,9999.9,999.9,999.9,999.9,999.9
2012-01-01,2012,01,01,34.9,31.3,1020.4,999.9,1.7,3.9,999.9
2012-01-01,2012,01,01,85.9,9999.9,1007.8,999.9,5.9,8.0,999.9
2012-01-01,2012,01,01,23.5,9999.9,9999.9,999.9,999.9,999.9,999.9
2012-01-01,2012,01,01,64.7,62.7,1011.4,999.9,8.1,13.0,999.9
2012-01-01,2012,01,01,21.1,13.4,1025.5,999.9,2.8,8.0,999.9
2012-01-01,2012,01,01,41.3,36.2,1010.1,999.9,8.3,15.0,25.8
2012-01-01,2012,01,01,81.6,9999.9,1009.3,999.9,20.8,26.0,999.9
2012-01-01,2012,01,01,64.4,9999.9,1014.3,999.9,5.4,9.9,999.9
2012-01-01,2012,01,01,55.4,49.7,1029.8,999.9,5.0,9.7,15.5
2012-01-01,2012,01,01,27.4,25.0,1013.0,999.9,5.8,7.8,999.9
2012-01-01,2012,01,01,62.2,47.8,1016.2,999.9,10.4,20.0,999.9
2012-01-01,2012,01,01,18.0,14.0,1040.4,999.9,5.1,7.8,999.9
2012-01-01,2012,01,01,10.6,1.2,9999.9,999.9,8.8,11.8,35.0
2012-01-01,2012,01,01,14.7,0.9,9999.9,999.9,5.2,8.0,20.0
2012-01-01,2012,01,01,21.3,19.9,9999.9,999.9,999.9,999.9,999.9
2012-01-01,2012,01,01,40.6,9999.9,9999.9,999.9,999.9,999.9,999.9
2012-01-01,2012,01,01,37.8,34.3,1004.5,999.9,7.1,13.0,24.1
2012-01-01,2012,01,01,26.0,6.8,1032.8,999.9,4.0,7.0,999.9
2012-01-01,2012,01,01,20.3,19.4,9999.9,999.9,999.9,999.9,999.9
